"Listado numero 1, peso maximo: 970"
"Id:49, Valor: 204, Peso: 132"
"Id:48, Valor: 612, Peso: 396"
"Id:41, Valor: 510, Peso: 330"
"Id:38, Valor: 102, Peso: 66"
El valor optimo conseguido por Pisinger es 1428 y el tiempo 0.0 mientras que los valores conseguidos por el algoritmo fueron 1428 y el tiempo 0.184443950653
-------
"Listado numero 2, peso maximo: 900"
"Id:48, Valor: 1330, Peso: 287"
"Id:45, Valor: 380, Peso: 82"
"Id:42, Valor: 570, Peso: 123"
"Id:40, Valor: 1140, Peso: 246"
"Id:36, Valor: 190, Peso: 41"
"Id:30, Valor: 190, Peso: 41"
"Id:8, Valor: 190, Peso: 41"
El valor optimo conseguido por Pisinger es 3990 y el tiempo 0.0 mientras que los valores conseguidos por el algoritmo fueron 3990 y el tiempo 0.170248031616
-------
"Listado numero 3, peso maximo: 1150"
"Id:24, Valor: 90, Peso: 55"
El valor optimo conseguido por Pisinger es 1800 y el tiempo 0.0 mientras que los valores conseguidos por el algoritmo fueron 90 y el tiempo 0.202096939087
-------
"Listado numero 4, peso maximo: 1390"
"Id:48, Valor: 1600, Peso: 1390"
El valor optimo conseguido por Pisinger es 1600 y el tiempo 0.0 mientras que los valores conseguidos por el algoritmo fueron 1600 y el tiempo 0.134365081787
-------
"Listado numero 5, peso maximo: 1303"
"Id:49, Valor: 184, Peso: 186"
"Id:48, Valor: 920, Peso: 930"
"Id:37, Valor: 184, Peso: 186"
El valor optimo conseguido por Pisinger es 1288 y el tiempo 0.0 mientras que los valores conseguidos por el algoritmo fueron 1288 y el tiempo 0.148698091507
-------
"Listado numero 6, peso maximo: 1768"
"Id:48, Valor: 131, Peso: 98"
"Id:23, Valor: 131, Peso: 98"
"Id:2, Valor: 131, Peso: 98"
El valor optimo conseguido por Pisinger es 2358 y el tiempo 0.0 mientras que los valores conseguidos por el algoritmo fueron 393 y el tiempo 0.182834863663
-------
"Listado numero 7, peso maximo: 2111"
"Id:49, Valor: 505, Peso: 560"
"Id:48, Valor: 303, Peso: 336"
"Id:46, Valor: 1010, Peso: 1120"
El valor optimo conseguido por Pisinger es 1818 y el tiempo 0.0 mientras que los valores conseguidos por el algoritmo fueron 1818 y el tiempo 0.166412115097
-------
"Listado numero 8, peso maximo: 2991"
"Id:40, Valor: 150, Peso: 167"
"Id:33, Valor: 300, Peso: 334"
"Id:29, Valor: 150, Peso: 167"
"Id:21, Valor: 72, Peso: 126"
"Id:10, Valor: 150, Peso: 167"
"Id:5, Valor: 150, Peso: 167"
"Id:2, Valor: 300, Peso: 334"
El valor optimo conseguido por Pisinger es 2622 y el tiempo 0.0 mientras que los valores conseguidos por el algoritmo fueron 1272 y el tiempo 0.145691871643
-------
"Listado numero 9, peso maximo: 3194"
"Id:49, Valor: 830, Peso: 1210"
"Id:48, Valor: 332, Peso: 484"
"Id:46, Valor: 83, Peso: 121"
"Id:42, Valor: 747, Peso: 1089"
"Id:37, Valor: 166, Peso: 242"
El valor optimo conseguido por Pisinger es 2158 y el tiempo 0.0 mientras que los valores conseguidos por el algoritmo fueron 2158 y el tiempo 0.160427093506
-------
"Listado numero 10, peso maximo: 3188"
"Id:47, Valor: 146, Peso: 145"
"Id:45, Valor: 284, Peso: 168"
"Id:27, Valor: 284, Peso: 168"
"Id:14, Valor: 284, Peso: 168"
"Id:8, Valor: 142, Peso: 84"
"Id:2, Valor: 142, Peso: 84"
El valor optimo conseguido por Pisinger es 5258 y el tiempo 0.0 mientras que los valores conseguidos por el algoritmo fueron 1282 y el tiempo 0.198684930801
-------
"Listado numero 11, peso maximo: 3856"
"Id:49, Valor: 565, Peso: 490"
"Id:48, Valor: 791, Peso: 686"
"Id:46, Valor: 1130, Peso: 980"
"Id:42, Valor: 1130, Peso: 980"
"Id:41, Valor: 226, Peso: 196"
"Id:40, Valor: 226, Peso: 196"
"Id:32, Valor: 226, Peso: 196"
"Id:28, Valor: 113, Peso: 98"
El valor optimo conseguido por Pisinger es 4407 y el tiempo 0.0 mientras que los valores conseguidos por el algoritmo fueron 4407 y el tiempo 0.111968040466
-------
"Listado numero 12, peso maximo: 4247"
"Id:48, Valor: 1128, Peso: 992"
"Id:45, Valor: 1269, Peso: 1116"
"Id:42, Valor: 564, Peso: 496"
"Id:41, Valor: 987, Peso: 868"
"Id:33, Valor: 282, Peso: 248"
"Id:24, Valor: 282, Peso: 248"
"Id:20, Valor: 141, Peso: 124"
"Id:14, Valor: 141, Peso: 124"
El valor optimo conseguido por Pisinger es 4794 y el tiempo 0.0 mientras que los valores conseguidos por el algoritmo fueron 4794 y el tiempo 0.174422025681
-------
"Listado numero 13, peso maximo: 4866"
"Id:12, Valor: 184, Peso: 126"
El valor optimo conseguido por Pisinger es 6992 y el tiempo 0.0 mientras que los valores conseguidos por el algoritmo fueron 184 y el tiempo 0.107623100281
-------
"Listado numero 14, peso maximo: 5981"
"Id:48, Valor: 154, Peso: 140"
"Id:45, Valor: 924, Peso: 840"
"Id:42, Valor: 770, Peso: 700"
"Id:41, Valor: 924, Peso: 840"
"Id:40, Valor: 616, Peso: 560"
"Id:38, Valor: 1386, Peso: 1260"
"Id:36, Valor: 462, Peso: 420"
"Id:34, Valor: 1078, Peso: 980"
"Id:2, Valor: 154, Peso: 140"
El valor optimo conseguido por Pisinger es 6468 y el tiempo 0.0 mientras que los valores conseguidos por el algoritmo fueron 6468 y el tiempo 0.186228990555
-------
"Listado numero 15, peso maximo: 7278"
"Id:48, Valor: 125, Peso: 154"
"Id:21, Valor: 199, Peso: 197"
"Id:5, Valor: 398, Peso: 394"
"Id:1, Valor: 199, Peso: 197"
El valor optimo conseguido por Pisinger es 7289 y el tiempo 0.0 mientras que los valores conseguidos por el algoritmo fueron 921 y el tiempo 0.180820941925
-------
"Listado numero 16, peso maximo: 6833"
"Id:48, Valor: 264, Peso: 302"
"Id:45, Valor: 396, Peso: 453"
"Id:42, Valor: 792, Peso: 906"
"Id:41, Valor: 660, Peso: 755"
"Id:40, Valor: 1188, Peso: 1359"
"Id:38, Valor: 1320, Peso: 1510"
"Id:36, Valor: 528, Peso: 604"
"Id:34, Valor: 528, Peso: 604"
"Id:29, Valor: 132, Peso: 151"
El valor optimo conseguido por Pisinger es 5940 y el tiempo 0.0 mientras que los valores conseguidos por el algoritmo fueron 5808 y el tiempo 0.19356918335
-------
"Listado numero 17, peso maximo: 7010"
"Id:47, Valor: 585, Peso: 336"
"Id:45, Valor: 195, Peso: 112"
"Id:44, Valor: 1950, Peso: 1120"
"Id:43, Valor: 780, Peso: 448"
"Id:33, Valor: 585, Peso: 336"
"Id:31, Valor: 780, Peso: 448"
"Id:30, Valor: 1950, Peso: 1120"
"Id:27, Valor: 195, Peso: 112"
"Id:23, Valor: 780, Peso: 448"
"Id:21, Valor: 780, Peso: 448"
"Id:20, Valor: 1950, Peso: 1120"
"Id:18, Valor: 1560, Peso: 896"
El valor optimo conseguido por Pisinger es 12090 y el tiempo 0.0 mientras que los valores conseguidos por el algoritmo fueron 12090 y el tiempo 0.205420970917
-------
"Listado numero 18, peso maximo: 8150"
"Id:48, Valor: 830, Peso: 630"
"Id:45, Valor: 1660, Peso: 1260"
"Id:42, Valor: 830, Peso: 630"
"Id:41, Valor: 664, Peso: 504"
"Id:40, Valor: 664, Peso: 504"
"Id:38, Valor: 166, Peso: 126"
"Id:36, Valor: 830, Peso: 630"
"Id:34, Valor: 1494, Peso: 1134"
"Id:33, Valor: 830, Peso: 630"
"Id:30, Valor: 830, Peso: 630"
"Id:29, Valor: 1660, Peso: 1260"
"Id:8, Valor: 166, Peso: 126"
El valor optimo conseguido por Pisinger es 10624 y el tiempo 0.0 mientras que los valores conseguidos por el algoritmo fueron 10624 y el tiempo 0.175585985184
-------
"Listado numero 19, peso maximo: 4525"
"Id:47, Valor: 1900, Peso: 250"
"Id:45, Valor: 1520, Peso: 200"
"Id:44, Valor: 1330, Peso: 175"
"Id:43, Valor: 1330, Peso: 175"
"Id:33, Valor: 1520, Peso: 200"
"Id:31, Valor: 570, Peso: 75"
"Id:30, Valor: 190, Peso: 25"
"Id:27, Valor: 1140, Peso: 150"
"Id:23, Valor: 1330, Peso: 175"
"Id:21, Valor: 950, Peso: 125"
"Id:20, Valor: 190, Peso: 25"
"Id:18, Valor: 1710, Peso: 225"
"Id:16, Valor: 950, Peso: 125"
"Id:12, Valor: 1140, Peso: 150"
"Id:11, Valor: 190, Peso: 25"
"Id:10, Valor: 190, Peso: 25"
"Id:5, Valor: 1520, Peso: 200"
"Id:3, Valor: 760, Peso: 100"
"Id:2, Valor: 1140, Peso: 150"
"Id:1, Valor: 950, Peso: 125"
El valor optimo conseguido por Pisinger es 22722 y el tiempo 0.0 mientras que los valores conseguidos por el algoritmo fueron 20520 y el tiempo 0.15832400322
-------
"Listado numero 20, peso maximo: 10056"
"Id:48, Valor: 984, Peso: 1432"
"Id:45, Valor: 861, Peso: 1253"
"Id:42, Valor: 738, Peso: 1074"
"Id:41, Valor: 369, Peso: 537"
"Id:40, Valor: 1107, Peso: 1611"
"Id:38, Valor: 1230, Peso: 1790"
"Id:36, Valor: 984, Peso: 1432"
"Id:27, Valor: 369, Peso: 537"
"Id:24, Valor: 246, Peso: 358"
El valor optimo conseguido por Pisinger es 6888 y el tiempo 0.0 mientras que los valores conseguidos por el algoritmo fueron 6888 y el tiempo 0.146386146545
-------
"Listado numero 21, peso maximo: 3964"
"Id:49, Valor: 1110, Peso: 24"
"Id:48, Valor: 1480, Peso: 32"
"Id:46, Valor: 185, Peso: 4"
"Id:42, Valor: 185, Peso: 4"
"Id:41, Valor: 1295, Peso: 28"
"Id:40, Valor: 925, Peso: 20"
"Id:39, Valor: 1480, Peso: 32"
"Id:38, Valor: 1295, Peso: 28"
"Id:37, Valor: 1110, Peso: 24"
"Id:36, Valor: 370, Peso: 8"
"Id:35, Valor: 1295, Peso: 28"
"Id:34, Valor: 925, Peso: 20"
"Id:32, Valor: 1295, Peso: 28"
"Id:29, Valor: 925, Peso: 20"
"Id:28, Valor: 1110, Peso: 24"
"Id:26, Valor: 555, Peso: 12"
"Id:25, Valor: 1295, Peso: 28"
"Id:24, Valor: 740, Peso: 16"
"Id:22, Valor: 925, Peso: 20"
"Id:19, Valor: 925, Peso: 20"
"Id:17, Valor: 1295, Peso: 28"
"Id:14, Valor: 370, Peso: 8"
El valor optimo conseguido por Pisinger es 27335 y el tiempo 0.0 mientras que los valores conseguidos por el algoritmo fueron 21090 y el tiempo 0.136157035828
-------
"Listado numero 22, peso maximo: 6056"
"Id:4, Valor: 118, Peso: 28"
El valor optimo conseguido por Pisinger es 20414 y el tiempo 0.0 mientras que los valores conseguidos por el algoritmo fueron 118 y el tiempo 0.169897079468
-------
"Listado numero 23, peso maximo: 8328"
"Id:47, Valor: 724, Peso: 212"
"Id:45, Valor: 362, Peso: 106"
"Id:44, Valor: 181, Peso: 53"
"Id:43, Valor: 543, Peso: 159"
"Id:33, Valor: 1086, Peso: 318"
"Id:31, Valor: 181, Peso: 53"
"Id:30, Valor: 905, Peso: 265"
"Id:27, Valor: 724, Peso: 212"
"Id:23, Valor: 1267, Peso: 371"
"Id:21, Valor: 181, Peso: 53"
"Id:20, Valor: 905, Peso: 265"
"Id:18, Valor: 543, Peso: 159"
"Id:16, Valor: 1267, Peso: 371"
"Id:12, Valor: 1810, Peso: 530"
"Id:11, Valor: 1629, Peso: 477"
"Id:10, Valor: 1267, Peso: 371"
"Id:5, Valor: 724, Peso: 212"
"Id:3, Valor: 362, Peso: 106"
"Id:2, Valor: 1086, Peso: 318"
"Id:1, Valor: 181, Peso: 53"
El valor optimo conseguido por Pisinger es 17780 y el tiempo 0.0 mientras que los valores conseguidos por el algoritmo fueron 15928 y el tiempo 0.114625930786
-------
"Listado numero 24, peso maximo: 614"
"Id:48, Valor: 228, Peso: 14"
"Id:45, Valor: 114, Peso: 7"
"Id:42, Valor: 684, Peso: 42"
"Id:41, Valor: 114, Peso: 7"
"Id:40, Valor: 798, Peso: 49"
"Id:38, Valor: 228, Peso: 14"
"Id:36, Valor: 1140, Peso: 70"
"Id:34, Valor: 912, Peso: 56"
"Id:33, Valor: 912, Peso: 56"
"Id:30, Valor: 1140, Peso: 70"
"Id:29, Valor: 342, Peso: 21"
"Id:28, Valor: 228, Peso: 14"
"Id:27, Valor: 342, Peso: 21"
"Id:24, Valor: 228, Peso: 14"
"Id:23, Valor: 912, Peso: 56"
"Id:20, Valor: 1026, Peso: 63"
"Id:14, Valor: 570, Peso: 35"
El valor optimo conseguido por Pisinger es 9918 y el tiempo 0.0 mientras que los valores conseguidos por el algoritmo fueron 9918 y el tiempo 0.134400129318
-------
"Listado numero 25, peso maximo: 5565"
"Id:49, Valor: 704, Peso: 124"
"Id:48, Valor: 352, Peso: 62"
"Id:47, Valor: 18, Peso: 154"
"Id:46, Valor: 176, Peso: 31"
"Id:42, Valor: 528, Peso: 93"
"Id:41, Valor: 880, Peso: 155"
"Id:40, Valor: 880, Peso: 155"
"Id:39, Valor: 1056, Peso: 186"
"Id:38, Valor: 1232, Peso: 217"
"Id:37, Valor: 1056, Peso: 186"
"Id:36, Valor: 1056, Peso: 186"
"Id:35, Valor: 528, Peso: 93"
"Id:34, Valor: 1232, Peso: 217"
"Id:32, Valor: 880, Peso: 155"
"Id:29, Valor: 176, Peso: 31"
"Id:28, Valor: 1408, Peso: 248"
"Id:26, Valor: 176, Peso: 31"
"Id:25, Valor: 880, Peso: 155"
"Id:24, Valor: 704, Peso: 124"
"Id:22, Valor: 880, Peso: 155"
"Id:19, Valor: 1584, Peso: 279"
"Id:17, Valor: 880, Peso: 155"
"Id:15, Valor: 352, Peso: 62"
"Id:14, Valor: 1760, Peso: 310"
"Id:13, Valor: 1408, Peso: 248"
"Id:9, Valor: 528, Peso: 93"
"Id:8, Valor: 1584, Peso: 279"
"Id:7, Valor: 1056, Peso: 186"
"Id:6, Valor: 528, Peso: 93"
"Id:4, Valor: 1760, Peso: 310"
El valor optimo conseguido por Pisinger es 26332 y el tiempo 0.0 mientras que los valores conseguidos por el algoritmo fueron 26242 y el tiempo 0.113879919052
-------
"Listado numero 26, peso maximo: 7337"
"Id:48, Valor: 945, Peso: 840"
"Id:45, Valor: 1890, Peso: 1680"
"Id:42, Valor: 1323, Peso: 1176"
"Id:41, Valor: 1890, Peso: 1680"
"Id:40, Valor: 378, Peso: 336"
"Id:38, Valor: 567, Peso: 504"
"Id:36, Valor: 567, Peso: 504"
"Id:33, Valor: 567, Peso: 504"
"Id:25, Valor: 39, Peso: 56"
"Id:22, Valor: 39, Peso: 56"
El valor optimo conseguido por Pisinger es 8205 y el tiempo 0.0 mientras que los valores conseguidos por el algoritmo fueron 8205 y el tiempo 0.107604980469
-------
"Listado numero 27, peso maximo: 10531"
"Id:12, Valor: 342, Peso: 160"
"Id:10, Valor: 513, Peso: 240"
El valor optimo conseguido por Pisinger es 22401 y el tiempo 0.0 mientras que los valores conseguidos por el algoritmo fueron 855 y el tiempo 0.171356916428
-------
"Listado numero 28, peso maximo: 9976"
"Id:38, Valor: 68, Peso: 68"
"Id:36, Valor: 136, Peso: 136"
"Id:30, Valor: 136, Peso: 136"
"Id:28, Valor: 136, Peso: 136"
"Id:27, Valor: 34, Peso: 34"
"Id:24, Valor: 68, Peso: 68"
"Id:20, Valor: 102, Peso: 102"
"Id:15, Valor: 170, Peso: 170"
"Id:14, Valor: 102, Peso: 102"
El valor optimo conseguido por Pisinger es 6362 y el tiempo 0.0 mientras que los valores conseguidos por el algoritmo fueron 952 y el tiempo 0.172457933426
-------
"Listado numero 29, peso maximo: 3051"
"Id:49, Valor: 334, Peso: 118"
"Id:48, Valor: 1336, Peso: 472"
"Id:47, Valor: 150, Peso: 55"
"Id:46, Valor: 167, Peso: 59"
"Id:44, Valor: 120, Peso: 44"
"Id:42, Valor: 501, Peso: 177"
"Id:41, Valor: 501, Peso: 177"
"Id:40, Valor: 501, Peso: 177"
"Id:39, Valor: 668, Peso: 236"
"Id:38, Valor: 1503, Peso: 531"
"Id:37, Valor: 1336, Peso: 472"
"Id:35, Valor: 1503, Peso: 531"
El valor optimo conseguido por Pisinger es 8620 y el tiempo 0.0 mientras que los valores conseguidos por el algoritmo fueron 8620 y el tiempo 0.128720998764
-------
"Listado numero 30, peso maximo: 4219"
"Id:48, Valor: 1170, Peso: 225"
"Id:45, Valor: 520, Peso: 100"
"Id:42, Valor: 910, Peso: 175"
"Id:41, Valor: 1040, Peso: 200"
"Id:40, Valor: 260, Peso: 50"
"Id:38, Valor: 390, Peso: 75"
"Id:36, Valor: 650, Peso: 125"
"Id:34, Valor: 910, Peso: 175"
"Id:33, Valor: 390, Peso: 75"
"Id:30, Valor: 650, Peso: 125"
"Id:29, Valor: 780, Peso: 150"
"Id:28, Valor: 650, Peso: 125"
"Id:27, Valor: 780, Peso: 150"
"Id:24, Valor: 650, Peso: 125"
"Id:23, Valor: 130, Peso: 25"
"Id:20, Valor: 520, Peso: 100"
"Id:15, Valor: 520, Peso: 100"
"Id:14, Valor: 520, Peso: 100"
"Id:10, Valor: 260, Peso: 50"
"Id:8, Valor: 910, Peso: 175"
"Id:5, Valor: 780, Peso: 150"
El valor optimo conseguido por Pisinger es 16006 y el tiempo 0.0 mientras que los valores conseguidos por el algoritmo fueron 13390 y el tiempo 0.119502067566
-------
"Listado numero 31, peso maximo: 2909"
"Id:45, Valor: 324, Peso: 74"
"Id:44, Valor: 162, Peso: 37"
"Id:30, Valor: 162, Peso: 37"
"Id:27, Valor: 324, Peso: 74"
"Id:21, Valor: 162, Peso: 37"
"Id:20, Valor: 162, Peso: 37"
"Id:16, Valor: 162, Peso: 37"
"Id:1, Valor: 162, Peso: 37"
El valor optimo conseguido por Pisinger es 12575 y el tiempo 0.0 mientras que los valores conseguidos por el algoritmo fueron 1620 y el tiempo 0.146389007568
-------
"Listado numero 32, peso maximo: 5041"
"Id:49, Valor: 710, Peso: 530"
"Id:47, Valor: 142, Peso: 106"
"Id:46, Valor: 426, Peso: 318"
"Id:44, Valor: 710, Peso: 530"
"Id:43, Valor: 284, Peso: 212"
"Id:39, Valor: 426, Peso: 318"
"Id:37, Valor: 355, Peso: 265"
"Id:35, Valor: 213, Peso: 159"
"Id:32, Valor: 426, Peso: 318"
"Id:31, Valor: 639, Peso: 477"
"Id:26, Valor: 639, Peso: 477"
"Id:25, Valor: 284, Peso: 212"
"Id:22, Valor: 426, Peso: 318"
"Id:21, Valor: 213, Peso: 159"
"Id:19, Valor: 639, Peso: 477"
"Id:13, Valor: 71, Peso: 53"
"Id:12, Valor: 71, Peso: 53"
El valor optimo conseguido por Pisinger es 6745 y el tiempo 0.0 mientras que los valores conseguidos por el algoritmo fueron 6674 y el tiempo 0.142169952393
-------
"Listado numero 33, peso maximo: 10761"
"Id:49, Valor: 316, Peso: 172"
"Id:48, Valor: 316, Peso: 172"
"Id:46, Valor: 158, Peso: 86"
"Id:42, Valor: 474, Peso: 258"
"Id:41, Valor: 158, Peso: 86"
"Id:40, Valor: 474, Peso: 258"
"Id:39, Valor: 316, Peso: 172"
"Id:38, Valor: 1422, Peso: 774"
"Id:37, Valor: 1580, Peso: 860"
"Id:36, Valor: 632, Peso: 344"
"Id:35, Valor: 1106, Peso: 602"
"Id:34, Valor: 158, Peso: 86"
"Id:32, Valor: 790, Peso: 430"
"Id:29, Valor: 474, Peso: 258"
"Id:28, Valor: 1580, Peso: 860"
"Id:26, Valor: 1106, Peso: 602"
"Id:25, Valor: 158, Peso: 86"
"Id:24, Valor: 316, Peso: 172"
"Id:22, Valor: 474, Peso: 258"
"Id:19, Valor: 158, Peso: 86"
"Id:17, Valor: 158, Peso: 86"
"Id:15, Valor: 1264, Peso: 688"
"Id:14, Valor: 1264, Peso: 688"
"Id:13, Valor: 632, Peso: 344"
"Id:9, Valor: 158, Peso: 86"
"Id:8, Valor: 1422, Peso: 774"
"Id:7, Valor: 948, Peso: 516"
"Id:6, Valor: 1422, Peso: 774"
El valor optimo conseguido por Pisinger es 19750 y el tiempo 0.0 mientras que los valores conseguidos por el algoritmo fueron 19434 y el tiempo 0.114842891693
-------
"Listado numero 34, peso maximo: 6773"
"Id:48, Valor: 426, Peso: 33"
"Id:45, Valor: 1136, Peso: 88"
"Id:42, Valor: 994, Peso: 77"
"Id:41, Valor: 852, Peso: 66"
"Id:40, Valor: 1420, Peso: 110"
"Id:38, Valor: 710, Peso: 55"
"Id:37, Valor: 40, Peso: 222"
"Id:36, Valor: 1278, Peso: 99"
"Id:34, Valor: 1278, Peso: 99"
"Id:33, Valor: 142, Peso: 11"
"Id:30, Valor: 1278, Peso: 99"
"Id:29, Valor: 284, Peso: 22"
"Id:28, Valor: 994, Peso: 77"
"Id:27, Valor: 852, Peso: 66"
"Id:24, Valor: 710, Peso: 55"
"Id:23, Valor: 1278, Peso: 99"
"Id:20, Valor: 1136, Peso: 88"
"Id:19, Valor: 40, Peso: 222"
"Id:15, Valor: 1420, Peso: 110"
"Id:14, Valor: 284, Peso: 22"
"Id:10, Valor: 1136, Peso: 88"
"Id:8, Valor: 142, Peso: 11"
"Id:5, Valor: 284, Peso: 22"
"Id:2, Valor: 1278, Peso: 99"
El valor optimo conseguido por Pisinger es 21368 y el tiempo 0.0 mientras que los valores conseguidos por el algoritmo fueron 19392 y el tiempo 0.119547128677
-------
"Listado numero 35, peso maximo: 3692"
"Id:46, Valor: 224, Peso: 50"
"Id:28, Valor: 112, Peso: 25"
"Id:13, Valor: 112, Peso: 25"
"Id:7, Valor: 112, Peso: 25"
"Id:6, Valor: 224, Peso: 50"
El valor optimo conseguido por Pisinger es 16464 y el tiempo 0.0 mientras que los valores conseguidos por el algoritmo fueron 784 y el tiempo 0.162009000778
-------
"Listado numero 36, peso maximo: 7129"
"Id:49, Valor: 664, Peso: 312"
"Id:47, Valor: 498, Peso: 234"
"Id:46, Valor: 498, Peso: 234"
"Id:44, Valor: 332, Peso: 156"
"Id:43, Valor: 830, Peso: 390"
"Id:39, Valor: 332, Peso: 156"
"Id:37, Valor: 581, Peso: 273"
"Id:35, Valor: 747, Peso: 351"
"Id:32, Valor: 498, Peso: 234"
"Id:31, Valor: 581, Peso: 273"
"Id:26, Valor: 581, Peso: 273"
"Id:25, Valor: 166, Peso: 78"
"Id:22, Valor: 498, Peso: 234"
"Id:21, Valor: 581, Peso: 273"
"Id:19, Valor: 415, Peso: 195"
"Id:18, Valor: 664, Peso: 312"
"Id:17, Valor: 415, Peso: 195"
"Id:16, Valor: 83, Peso: 39"
"Id:14, Valor: 16, Peso: 89"
"Id:13, Valor: 249, Peso: 117"
"Id:12, Valor: 415, Peso: 195"
"Id:11, Valor: 415, Peso: 195"
"Id:9, Valor: 498, Peso: 234"
"Id:7, Valor: 249, Peso: 117"
"Id:6, Valor: 664, Peso: 312"
"Id:4, Valor: 664, Peso: 312"
"Id:3, Valor: 249, Peso: 117"
"Id:1, Valor: 83, Peso: 39"
El valor optimo conseguido por Pisinger es 12674 y el tiempo 0.0 mientras que los valores conseguidos por el algoritmo fueron 12466 y el tiempo 0.130085945129
-------
"Listado numero 37, peso maximo: 8463"
"Id:47, Valor: 915, Peso: 265"
"Id:45, Valor: 549, Peso: 159"
"Id:44, Valor: 366, Peso: 106"
"Id:43, Valor: 1098, Peso: 318"
"Id:33, Valor: 1647, Peso: 477"
"Id:31, Valor: 366, Peso: 106"
"Id:30, Valor: 1098, Peso: 318"
"Id:27, Valor: 1281, Peso: 371"
"Id:23, Valor: 1098, Peso: 318"
"Id:21, Valor: 1830, Peso: 530"
"Id:20, Valor: 1098, Peso: 318"
"Id:18, Valor: 366, Peso: 106"
"Id:16, Valor: 1830, Peso: 530"
"Id:12, Valor: 1647, Peso: 477"
"Id:11, Valor: 1830, Peso: 530"
"Id:10, Valor: 1098, Peso: 318"
"Id:5, Valor: 1281, Peso: 371"
"Id:3, Valor: 549, Peso: 159"
"Id:2, Valor: 915, Peso: 265"
"Id:1, Valor: 1464, Peso: 424"
El valor optimo conseguido por Pisinger es 25060 y el tiempo 0.0 mientras que los valores conseguidos por el algoritmo fueron 22326 y el tiempo 0.173799991608
-------
"Listado numero 38, peso maximo: 11167"
"Id:48, Valor: 1071, Peso: 469"
"Id:45, Valor: 306, Peso: 134"
"Id:44, Valor: 11, Peso: 138"
"Id:42, Valor: 1377, Peso: 603"
"Id:41, Valor: 612, Peso: 268"
"Id:40, Valor: 1530, Peso: 670"
"Id:38, Valor: 765, Peso: 335"
"Id:36, Valor: 459, Peso: 201"
"Id:34, Valor: 153, Peso: 67"
"Id:33, Valor: 153, Peso: 67"
"Id:30, Valor: 459, Peso: 201"
"Id:29, Valor: 918, Peso: 402"
"Id:28, Valor: 1071, Peso: 469"
"Id:27, Valor: 612, Peso: 268"
"Id:24, Valor: 765, Peso: 335"
"Id:23, Valor: 1071, Peso: 469"
"Id:20, Valor: 1530, Peso: 670"
"Id:15, Valor: 1224, Peso: 536"
"Id:14, Valor: 1530, Peso: 670"
"Id:10, Valor: 306, Peso: 134"
"Id:8, Valor: 1071, Peso: 469"
"Id:5, Valor: 918, Peso: 402"
"Id:2, Valor: 1377, Peso: 603"
El valor optimo conseguido por Pisinger es 20372 y el tiempo 0.0 mientras que los valores conseguidos por el algoritmo fueron 19289 y el tiempo 0.101449012756
-------
"Listado numero 39, peso maximo: 9715"
"Id:47, Valor: 288, Peso: 186"
"Id:33, Valor: 288, Peso: 186"
"Id:31, Valor: 144, Peso: 93"
"Id:7, Valor: 124, Peso: 81"
"Id:1, Valor: 144, Peso: 93"
El valor optimo conseguido por Pisinger es 15024 y el tiempo 0.0 mientras que los valores conseguidos por el algoritmo fueron 988 y el tiempo 0.191982984543
-------
"Listado numero 40, peso maximo: 12229"
"Id:49, Valor: 192, Peso: 760"
"Id:47, Valor: 240, Peso: 950"
"Id:46, Valor: 144, Peso: 570"
"Id:44, Valor: 192, Peso: 760"
"Id:43, Valor: 144, Peso: 570"
"Id:39, Valor: 48, Peso: 190"
"Id:37, Valor: 168, Peso: 665"
"Id:35, Valor: 120, Peso: 475"
"Id:32, Valor: 144, Peso: 570"
"Id:31, Valor: 120, Peso: 475"
"Id:26, Valor: 120, Peso: 475"
"Id:25, Valor: 48, Peso: 190"
"Id:22, Valor: 96, Peso: 380"
"Id:21, Valor: 72, Peso: 285"
"Id:19, Valor: 24, Peso: 95"
"Id:18, Valor: 240, Peso: 950"
"Id:17, Valor: 72, Peso: 285"
"Id:16, Valor: 72, Peso: 285"
"Id:13, Valor: 168, Peso: 665"
"Id:12, Valor: 168, Peso: 665"
"Id:11, Valor: 24, Peso: 95"
"Id:9, Valor: 96, Peso: 380"
"Id:7, Valor: 72, Peso: 285"
"Id:6, Valor: 144, Peso: 570"
"Id:1, Valor: 120, Peso: 475"
El valor optimo conseguido por Pisinger es 3072 y el tiempo 0.0 mientras que los valores conseguidos por el algoritmo fueron 3048 y el tiempo 0.12978386879
-------
"Listado numero 41, peso maximo: 10811"
"Id:49, Valor: 552, Peso: 1136"
"Id:47, Valor: 1746, Peso: 351"
"Id:45, Valor: 1358, Peso: 273"
"Id:44, Valor: 1164, Peso: 234"
"Id:43, Valor: 388, Peso: 78"
"Id:33, Valor: 1358, Peso: 273"
"Id:31, Valor: 1940, Peso: 390"
"Id:30, Valor: 1940, Peso: 390"
"Id:27, Valor: 970, Peso: 195"
"Id:23, Valor: 776, Peso: 156"
"Id:21, Valor: 776, Peso: 156"
"Id:20, Valor: 1552, Peso: 312"
"Id:18, Valor: 1164, Peso: 234"
"Id:16, Valor: 388, Peso: 78"
"Id:12, Valor: 582, Peso: 117"
"Id:11, Valor: 1164, Peso: 234"
"Id:10, Valor: 388, Peso: 78"
"Id:5, Valor: 582, Peso: 117"
"Id:3, Valor: 194, Peso: 39"
"Id:2, Valor: 970, Peso: 195"
"Id:1, Valor: 388, Peso: 78"
El valor optimo conseguido por Pisinger es 23419 y el tiempo 0.0 mientras que los valores conseguidos por el algoritmo fueron 20340 y el tiempo 0.115818977356
-------
"Listado numero 42, peso maximo: 13835"
"Id:49, Valor: 2, Peso: 166"
"Id:48, Valor: 495, Peso: 159"
"Id:45, Valor: 1320, Peso: 424"
"Id:42, Valor: 1485, Peso: 477"
"Id:41, Valor: 660, Peso: 212"
"Id:40, Valor: 1650, Peso: 530"
"Id:38, Valor: 1155, Peso: 371"
"Id:36, Valor: 1155, Peso: 371"
"Id:34, Valor: 495, Peso: 159"
"Id:33, Valor: 1485, Peso: 477"
"Id:30, Valor: 825, Peso: 265"
"Id:29, Valor: 330, Peso: 106"
"Id:28, Valor: 1485, Peso: 477"
"Id:27, Valor: 330, Peso: 106"
"Id:24, Valor: 825, Peso: 265"
"Id:23, Valor: 1155, Peso: 371"
"Id:20, Valor: 660, Peso: 212"
"Id:18, Valor: 2, Peso: 166"
"Id:15, Valor: 990, Peso: 318"
"Id:14, Valor: 1320, Peso: 424"
"Id:13, Valor: 4, Peso: 332"
"Id:10, Valor: 1320, Peso: 424"
"Id:8, Valor: 495, Peso: 159"
"Id:6, Valor: 2, Peso: 166"
"Id:5, Valor: 330, Peso: 106"
"Id:3, Valor: 4, Peso: 332"
"Id:2, Valor: 1485, Peso: 477"
El valor optimo conseguido por Pisinger es 22518 y el tiempo 0.0 mientras que los valores conseguidos por el algoritmo fueron 21464 y el tiempo 0.0979969501495
-------
"Listado numero 43, peso maximo: 9994"
"Id:49, Valor: 405, Peso: 201"
"Id:48, Valor: 405, Peso: 201"
"Id:46, Valor: 270, Peso: 134"
"Id:42, Valor: 540, Peso: 268"
"Id:41, Valor: 1080, Peso: 536"
"Id:40, Valor: 810, Peso: 402"
"Id:39, Valor: 135, Peso: 67"
"Id:38, Valor: 270, Peso: 134"
"Id:37, Valor: 945, Peso: 469"
"Id:36, Valor: 135, Peso: 67"
"Id:35, Valor: 1080, Peso: 536"
"Id:34, Valor: 270, Peso: 134"
"Id:32, Valor: 1080, Peso: 536"
"Id:29, Valor: 1350, Peso: 670"
"Id:28, Valor: 675, Peso: 335"
"Id:26, Valor: 810, Peso: 402"
"Id:25, Valor: 270, Peso: 134"
"Id:24, Valor: 945, Peso: 469"
"Id:22, Valor: 1080, Peso: 536"
"Id:19, Valor: 540, Peso: 268"
"Id:17, Valor: 1080, Peso: 536"
"Id:15, Valor: 135, Peso: 67"
"Id:14, Valor: 405, Peso: 201"
"Id:13, Valor: 945, Peso: 469"
"Id:9, Valor: 1350, Peso: 670"
"Id:8, Valor: 810, Peso: 402"
"Id:7, Valor: 135, Peso: 67"
"Id:6, Valor: 1080, Peso: 536"
"Id:4, Valor: 945, Peso: 469"
El valor optimo conseguido por Pisinger es 19980 y el tiempo 0.0 mientras que los valores conseguidos por el algoritmo fueron 19980 y el tiempo 0.148103952408
-------
"Listado numero 44, peso maximo: 14463"
"Id:48, Valor: 788, Peso: 580"
"Id:45, Valor: 985, Peso: 725"
"Id:42, Valor: 1970, Peso: 1450"
"Id:41, Valor: 591, Peso: 435"
"Id:40, Valor: 591, Peso: 435"
"Id:38, Valor: 1182, Peso: 870"
"Id:36, Valor: 1576, Peso: 1160"
"Id:34, Valor: 1970, Peso: 1450"
"Id:33, Valor: 788, Peso: 580"
"Id:30, Valor: 1576, Peso: 1160"
"Id:29, Valor: 197, Peso: 145"
"Id:28, Valor: 1970, Peso: 1450"
"Id:27, Valor: 1379, Peso: 1015"
"Id:24, Valor: 1970, Peso: 1450"
"Id:23, Valor: 1970, Peso: 1450"
"Id:12, Valor: 35, Peso: 81"
El valor optimo conseguido por Pisinger es 19538 y el tiempo 0.0 mientras que los valores conseguidos por el algoritmo fueron 19538 y el tiempo 0.127496957779
-------
"Listado numero 45, peso maximo: 16232"
"Id:49, Valor: 480, Peso: 1352"
"Id:48, Valor: 240, Peso: 676"
"Id:46, Valor: 180, Peso: 507"
"Id:42, Valor: 300, Peso: 845"
"Id:41, Valor: 420, Peso: 1183"
"Id:40, Valor: 60, Peso: 169"
"Id:39, Valor: 360, Peso: 1014"
"Id:38, Valor: 180, Peso: 507"
"Id:37, Valor: 120, Peso: 338"
"Id:36, Valor: 240, Peso: 676"
"Id:35, Valor: 300, Peso: 845"
"Id:34, Valor: 540, Peso: 1521"
"Id:32, Valor: 180, Peso: 507"
"Id:29, Valor: 540, Peso: 1521"
"Id:28, Valor: 240, Peso: 676"
"Id:26, Valor: 540, Peso: 1521"
"Id:25, Valor: 420, Peso: 1183"
"Id:24, Valor: 120, Peso: 338"
"Id:22, Valor: 60, Peso: 169"
"Id:14, Valor: 120, Peso: 338"
"Id:13, Valor: 120, Peso: 338"
El valor optimo conseguido por Pisinger es 5760 y el tiempo 0.0 mientras que los valores conseguidos por el algoritmo fueron 5760 y el tiempo 0.125972986221
-------
"Listado numero 46, peso maximo: 20508"
"Id:45, Valor: 352, Peso: 220"
"Id:41, Valor: 352, Peso: 220"
"Id:28, Valor: 176, Peso: 110"
"Id:27, Valor: 352, Peso: 220"
"Id:15, Valor: 352, Peso: 220"
El valor optimo conseguido por Pisinger es 29357 y el tiempo 0.0 mientras que los valores conseguidos por el algoritmo fueron 1584 y el tiempo 0.201876878738
-------
"Listado numero 47, peso maximo: 15242"
"Id:49, Valor: 77, Peso: 124"
"Id:48, Valor: 539, Peso: 868"
"Id:46, Valor: 154, Peso: 248"
"Id:42, Valor: 308, Peso: 496"
"Id:41, Valor: 462, Peso: 744"
"Id:40, Valor: 462, Peso: 744"
"Id:39, Valor: 693, Peso: 1116"
"Id:38, Valor: 154, Peso: 248"
"Id:37, Valor: 539, Peso: 868"
"Id:36, Valor: 385, Peso: 620"
"Id:35, Valor: 308, Peso: 496"
"Id:34, Valor: 308, Peso: 496"
"Id:32, Valor: 616, Peso: 992"
"Id:29, Valor: 462, Peso: 744"
"Id:28, Valor: 385, Peso: 620"
"Id:26, Valor: 308, Peso: 496"
"Id:25, Valor: 154, Peso: 248"
"Id:24, Valor: 385, Peso: 620"
"Id:22, Valor: 462, Peso: 744"
"Id:19, Valor: 770, Peso: 1240"
"Id:17, Valor: 462, Peso: 744"
"Id:15, Valor: 539, Peso: 868"
"Id:14, Valor: 77, Peso: 124"
"Id:8, Valor: 154, Peso: 248"
"Id:7, Valor: 77, Peso: 124"
El valor optimo conseguido por Pisinger es 9394 y el tiempo 0.0 mientras que los valores conseguidos por el algoritmo fueron 9240 y el tiempo 0.15547990799
-------
"Listado numero 48, peso maximo: 15229"
"Id:48, Valor: 1504, Peso: 1376"
"Id:45, Valor: 1692, Peso: 1548"
"Id:42, Valor: 1880, Peso: 1720"
"Id:41, Valor: 188, Peso: 172"
"Id:40, Valor: 564, Peso: 516"
"Id:38, Valor: 1504, Peso: 1376"
"Id:36, Valor: 376, Peso: 344"
"Id:34, Valor: 376, Peso: 344"
"Id:33, Valor: 376, Peso: 344"
"Id:30, Valor: 1880, Peso: 1720"
"Id:29, Valor: 940, Peso: 860"
"Id:28, Valor: 376, Peso: 344"
"Id:27, Valor: 1316, Peso: 1204"
"Id:26, Valor: 47, Peso: 67"
"Id:24, Valor: 1504, Peso: 1376"
"Id:23, Valor: 1504, Peso: 1376"
"Id:15, Valor: 188, Peso: 172"
El valor optimo conseguido por Pisinger es 16591 y el tiempo 0.0 mientras que los valores conseguidos por el algoritmo fueron 16215 y el tiempo 0.118065834045
-------
"Listado numero 49, peso maximo: 19665"
"Id:49, Valor: 300, Peso: 1182"
"Id:48, Valor: 500, Peso: 1970"
"Id:46, Valor: 150, Peso: 591"
"Id:42, Valor: 250, Peso: 985"
"Id:41, Valor: 250, Peso: 985"
"Id:40, Valor: 450, Peso: 1773"
"Id:39, Valor: 200, Peso: 788"
"Id:38, Valor: 150, Peso: 591"
"Id:37, Valor: 200, Peso: 788"
"Id:36, Valor: 300, Peso: 1182"
"Id:35, Valor: 150, Peso: 591"
"Id:34, Valor: 50, Peso: 197"
"Id:32, Valor: 50, Peso: 197"
"Id:29, Valor: 250, Peso: 985"
"Id:28, Valor: 300, Peso: 1182"
"Id:26, Valor: 350, Peso: 1379"
"Id:25, Valor: 250, Peso: 985"
"Id:24, Valor: 500, Peso: 1970"
"Id:22, Valor: 50, Peso: 197"
"Id:19, Valor: 150, Peso: 591"
"Id:18, Valor: 36, Peso: 162"
El valor optimo conseguido por Pisinger es 4986 y el tiempo 0.0 mientras que los valores conseguidos por el algoritmo fueron 4886 y el tiempo 0.157402992249
-------
"Listado numero 50, peso maximo: 8484"
"Id:49, Valor: 1647, Peso: 189"
"Id:48, Valor: 118, Peso: 96"
"Id:47, Valor: 1281, Peso: 147"
"Id:46, Valor: 1281, Peso: 147"
"Id:44, Valor: 915, Peso: 105"
"Id:43, Valor: 549, Peso: 63"
"Id:40, Valor: 944, Peso: 768"
"Id:39, Valor: 183, Peso: 21"
"Id:37, Valor: 1098, Peso: 126"
"Id:36, Valor: 354, Peso: 288"
"Id:35, Valor: 1464, Peso: 168"
"Id:32, Valor: 1647, Peso: 189"
"Id:31, Valor: 1464, Peso: 168"
"Id:26, Valor: 1098, Peso: 126"
"Id:25, Valor: 549, Peso: 63"
"Id:22, Valor: 1281, Peso: 147"
"Id:21, Valor: 1098, Peso: 126"
"Id:19, Valor: 732, Peso: 84"
"Id:18, Valor: 1281, Peso: 147"
"Id:17, Valor: 1830, Peso: 210"
"Id:16, Valor: 732, Peso: 84"
"Id:13, Valor: 1464, Peso: 168"
"Id:12, Valor: 1098, Peso: 126"
"Id:11, Valor: 1098, Peso: 126"
"Id:9, Valor: 549, Peso: 63"
"Id:7, Valor: 1830, Peso: 210"
"Id:6, Valor: 915, Peso: 105"
"Id:4, Valor: 915, Peso: 105"
"Id:3, Valor: 1098, Peso: 126"
"Id:1, Valor: 1464, Peso: 168"
El valor optimo conseguido por Pisinger es 36579 y el tiempo 0.0 mientras que los valores conseguidos por el algoritmo fueron 31977 y el tiempo 0.186721086502
-------
"Listado numero 51, peso maximo: 18958"
"Id:49, Valor: 88, Peso: 110"
"Id:48, Valor: 88, Peso: 110"
"Id:46, Valor: 176, Peso: 220"
"Id:42, Valor: 528, Peso: 660"
"Id:41, Valor: 352, Peso: 440"
"Id:40, Valor: 352, Peso: 440"
"Id:39, Valor: 616, Peso: 770"
"Id:38, Valor: 352, Peso: 440"
"Id:37, Valor: 792, Peso: 990"
"Id:36, Valor: 792, Peso: 990"
"Id:35, Valor: 880, Peso: 1100"
"Id:34, Valor: 704, Peso: 880"
"Id:32, Valor: 528, Peso: 660"
"Id:29, Valor: 176, Peso: 220"
"Id:28, Valor: 616, Peso: 770"
"Id:26, Valor: 176, Peso: 220"
"Id:25, Valor: 880, Peso: 1100"
"Id:24, Valor: 440, Peso: 550"
"Id:22, Valor: 528, Peso: 660"
"Id:19, Valor: 528, Peso: 660"
"Id:17, Valor: 352, Peso: 440"
"Id:15, Valor: 440, Peso: 550"
"Id:14, Valor: 792, Peso: 990"
"Id:13, Valor: 88, Peso: 110"
"Id:9, Valor: 704, Peso: 880"
"Id:8, Valor: 528, Peso: 660"
"Id:7, Valor: 264, Peso: 330"
"Id:6, Valor: 176, Peso: 220"
"Id:4, Valor: 440, Peso: 550"
El valor optimo conseguido por Pisinger es 13928 y el tiempo 0.0 mientras que los valores conseguidos por el algoritmo fueron 13376 y el tiempo 0.154017925262
-------
"Listado numero 52, peso maximo: 21829"
"Id:48, Valor: 716, Peso: 800"
"Id:45, Valor: 537, Peso: 600"
"Id:42, Valor: 1790, Peso: 2000"
"Id:41, Valor: 1611, Peso: 1800"
"Id:40, Valor: 537, Peso: 600"
"Id:38, Valor: 1432, Peso: 1600"
"Id:36, Valor: 716, Peso: 800"
"Id:34, Valor: 716, Peso: 800"
"Id:33, Valor: 358, Peso: 400"
"Id:30, Valor: 716, Peso: 800"
"Id:29, Valor: 179, Peso: 200"
"Id:28, Valor: 716, Peso: 800"
"Id:27, Valor: 895, Peso: 1000"
"Id:24, Valor: 1432, Peso: 1600"
"Id:23, Valor: 1432, Peso: 1600"
"Id:20, Valor: 179, Peso: 200"
"Id:15, Valor: 1611, Peso: 1800"
"Id:14, Valor: 537, Peso: 600"
"Id:10, Valor: 537, Peso: 600"
"Id:8, Valor: 1790, Peso: 2000"
"Id:5, Valor: 179, Peso: 200"
El valor optimo conseguido por Pisinger es 19511 y el tiempo 0.0 mientras que los valores conseguidos por el algoritmo fueron 18616 y el tiempo 0.119642972946
-------
"Listado numero 53, peso maximo: 10843"
"Id:49, Valor: 164, Peso: 96"
"Id:48, Valor: 164, Peso: 96"
"Id:47, Valor: 87, Peso: 414"
"Id:46, Valor: 123, Peso: 72"
"Id:45, Valor: 29, Peso: 138"
"Id:42, Valor: 205, Peso: 120"
"Id:41, Valor: 123, Peso: 72"
"Id:40, Valor: 369, Peso: 216"
"Id:39, Valor: 410, Peso: 240"
"Id:38, Valor: 205, Peso: 120"
"Id:37, Valor: 164, Peso: 96"
"Id:36, Valor: 410, Peso: 240"
"Id:35, Valor: 369, Peso: 216"
"Id:34, Valor: 123, Peso: 72"
"Id:32, Valor: 41, Peso: 24"
"Id:29, Valor: 369, Peso: 216"
"Id:28, Valor: 328, Peso: 192"
"Id:27, Valor: 29, Peso: 138"
"Id:26, Valor: 205, Peso: 120"
"Id:25, Valor: 123, Peso: 72"
"Id:24, Valor: 410, Peso: 240"
"Id:22, Valor: 41, Peso: 24"
"Id:19, Valor: 369, Peso: 216"
"Id:17, Valor: 123, Peso: 72"
"Id:15, Valor: 164, Peso: 96"
"Id:14, Valor: 410, Peso: 240"
"Id:13, Valor: 328, Peso: 192"
"Id:12, Valor: 29, Peso: 138"
"Id:9, Valor: 287, Peso: 168"
"Id:8, Valor: 205, Peso: 120"
"Id:7, Valor: 328, Peso: 192"
"Id:6, Valor: 287, Peso: 168"
"Id:4, Valor: 164, Peso: 96"
El valor optimo conseguido por Pisinger es 8403 y el tiempo 0.0 mientras que los valores conseguidos por el algoritmo fueron 7185 y el tiempo 0.182363033295
-------
"Listado numero 54, peso maximo: 24661"
"Id:49, Valor: 1218, Peso: 1246"
"Id:47, Valor: 174, Peso: 178"
"Id:46, Valor: 1218, Peso: 1246"
"Id:44, Valor: 1566, Peso: 1602"
"Id:43, Valor: 1566, Peso: 1602"
"Id:42, Valor: 129, Peso: 152"
"Id:39, Valor: 1566, Peso: 1602"
"Id:37, Valor: 1044, Peso: 1068"
"Id:35, Valor: 696, Peso: 712"
"Id:34, Valor: 129, Peso: 152"
"Id:32, Valor: 1218, Peso: 1246"
"Id:31, Valor: 1044, Peso: 1068"
"Id:26, Valor: 696, Peso: 712"
"Id:25, Valor: 174, Peso: 178"
"Id:23, Valor: 129, Peso: 152"
"Id:22, Valor: 1218, Peso: 1246"
"Id:21, Valor: 348, Peso: 356"
"Id:19, Valor: 1740, Peso: 1780"
"Id:18, Valor: 174, Peso: 178"
"Id:17, Valor: 1392, Peso: 1424"
"Id:16, Valor: 1044, Peso: 1068"
"Id:13, Valor: 348, Peso: 356"
"Id:12, Valor: 1392, Peso: 1424"
"Id:11, Valor: 348, Peso: 356"
"Id:9, Valor: 522, Peso: 534"
"Id:7, Valor: 1740, Peso: 1780"
"Id:6, Valor: 522, Peso: 534"
"Id:3, Valor: 348, Peso: 356"
El valor optimo conseguido por Pisinger es 24012 y el tiempo 0.0 mientras que los valores conseguidos por el algoritmo fueron 23703 y el tiempo 0.174864053726
-------
"Listado numero 55, peso maximo: 15897"
"Id:47, Valor: 370, Peso: 30"
"Id:45, Valor: 296, Peso: 24"
"Id:31, Valor: 37, Peso: 3"
"Id:30, Valor: 37, Peso: 3"
"Id:23, Valor: 111, Peso: 9"
"Id:10, Valor: 37, Peso: 3"
"Id:1, Valor: 37, Peso: 3"
El valor optimo conseguido por Pisinger es 13111 y el tiempo 0.0 mientras que los valores conseguidos por el algoritmo fueron 925 y el tiempo 0.149677038193
-------
"Listado numero 56, peso maximo: 9243"
"Id:49, Valor: 140, Peso: 220"
"Id:48, Valor: 792, Peso: 216"
"Id:45, Valor: 693, Peso: 189"
"Id:42, Valor: 990, Peso: 270"
"Id:41, Valor: 693, Peso: 189"
"Id:40, Valor: 99, Peso: 27"
"Id:38, Valor: 990, Peso: 270"
"Id:36, Valor: 792, Peso: 216"
"Id:34, Valor: 792, Peso: 216"
"Id:33, Valor: 990, Peso: 270"
"Id:30, Valor: 792, Peso: 216"
"Id:29, Valor: 693, Peso: 189"
"Id:28, Valor: 396, Peso: 108"
"Id:27, Valor: 495, Peso: 135"
"Id:24, Valor: 792, Peso: 216"
"Id:23, Valor: 594, Peso: 162"
"Id:20, Valor: 495, Peso: 135"
"Id:16, Valor: 70, Peso: 110"
"Id:15, Valor: 693, Peso: 189"
"Id:14, Valor: 297, Peso: 81"
"Id:11, Valor: 70, Peso: 110"
"Id:10, Valor: 693, Peso: 189"
"Id:8, Valor: 594, Peso: 162"
"Id:5, Valor: 495, Peso: 135"
"Id:2, Valor: 792, Peso: 216"
El valor optimo conseguido por Pisinger es 18367 y el tiempo 0.0 mientras que los valores conseguidos por el algoritmo fueron 14932 y el tiempo 0.169301986694
-------
"Listado numero 57, peso maximo: 12106"
"Id:47, Valor: 1190, Peso: 868"
"Id:45, Valor: 850, Peso: 620"
"Id:44, Valor: 680, Peso: 496"
"Id:43, Valor: 1700, Peso: 1240"
"Id:41, Valor: 32, Peso: 52"
"Id:33, Valor: 510, Peso: 372"
"Id:31, Valor: 1700, Peso: 1240"
"Id:30, Valor: 340, Peso: 248"
"Id:27, Valor: 170, Peso: 124"
"Id:23, Valor: 1360, Peso: 992"
"Id:21, Valor: 1020, Peso: 744"
"Id:20, Valor: 340, Peso: 248"
"Id:18, Valor: 1360, Peso: 992"
"Id:16, Valor: 1700, Peso: 1240"
"Id:12, Valor: 850, Peso: 620"
"Id:11, Valor: 1020, Peso: 744"
"Id:10, Valor: 680, Peso: 496"
"Id:5, Valor: 510, Peso: 372"
"Id:2, Valor: 510, Peso: 372"
El valor optimo conseguido por Pisinger es 16522 y el tiempo 0.0 mientras que los valores conseguidos por el algoritmo fueron 16522 y el tiempo 0.0990400314331
-------
"Listado numero 58, peso maximo: 9954"
"Id:49, Valor: 665, Peso: 42"
"Id:47, Valor: 475, Peso: 30"
"Id:46, Valor: 665, Peso: 42"
"Id:44, Valor: 285, Peso: 18"
"Id:43, Valor: 665, Peso: 42"
"Id:39, Valor: 665, Peso: 42"
"Id:37, Valor: 760, Peso: 48"
"Id:35, Valor: 950, Peso: 60"
"Id:32, Valor: 665, Peso: 42"
"Id:31, Valor: 380, Peso: 24"
"Id:26, Valor: 950, Peso: 60"
"Id:25, Valor: 855, Peso: 54"
"Id:22, Valor: 665, Peso: 42"
"Id:21, Valor: 570, Peso: 36"
"Id:18, Valor: 285, Peso: 18"
"Id:12, Valor: 190, Peso: 12"
"Id:9, Valor: 95, Peso: 6"
"Id:4, Valor: 285, Peso: 18"
El valor optimo conseguido por Pisinger es 25649 y el tiempo 0.0 mientras que los valores conseguidos por el algoritmo fueron 10070 y el tiempo 0.176116943359
-------
"Listado numero 59, peso maximo: 15115"
"Id:44, Valor: 27, Peso: 31"
"Id:23, Valor: 27, Peso: 31"
El valor optimo conseguido por Pisinger es 11493 y el tiempo 0.0 mientras que los valores conseguidos por el algoritmo fueron 54 y el tiempo 0.126044988632
-------
"Listado numero 60, peso maximo: 17628"
"Id:49, Valor: 820, Peso: 1660"
"Id:48, Valor: 180, Peso: 110"
"Id:45, Valor: 270, Peso: 165"
"Id:42, Valor: 180, Peso: 110"
"Id:41, Valor: 450, Peso: 275"
"Id:40, Valor: 90, Peso: 55"
"Id:38, Valor: 900, Peso: 550"
"Id:37, Valor: 246, Peso: 498"
"Id:36, Valor: 180, Peso: 110"
"Id:34, Valor: 900, Peso: 550"
"Id:33, Valor: 900, Peso: 550"
"Id:30, Valor: 900, Peso: 550"
"Id:29, Valor: 270, Peso: 165"
"Id:28, Valor: 540, Peso: 330"
"Id:27, Valor: 270, Peso: 165"
"Id:24, Valor: 720, Peso: 440"
"Id:23, Valor: 360, Peso: 220"
"Id:20, Valor: 630, Peso: 385"
"Id:15, Valor: 270, Peso: 165"
"Id:14, Valor: 90, Peso: 55"
"Id:13, Valor: 82, Peso: 166"
"Id:10, Valor: 270, Peso: 165"
"Id:8, Valor: 900, Peso: 550"
"Id:5, Valor: 90, Peso: 55"
"Id:2, Valor: 720, Peso: 440"
El valor optimo conseguido por Pisinger es 16024 y el tiempo 0.0 mientras que los valores conseguidos por el algoritmo fueron 11228 y el tiempo 0.177630186081
-------
"Listado numero 61, peso maximo: 21911"
"Id:47, Valor: 546, Peso: 540"
"Id:45, Valor: 182, Peso: 180"
"Id:44, Valor: 1456, Peso: 1440"
"Id:43, Valor: 1092, Peso: 1080"
"Id:33, Valor: 546, Peso: 540"
"Id:31, Valor: 1456, Peso: 1440"
"Id:30, Valor: 1092, Peso: 1080"
"Id:29, Valor: 23, Peso: 80"
"Id:27, Valor: 1638, Peso: 1620"
"Id:23, Valor: 1092, Peso: 1080"
"Id:21, Valor: 1820, Peso: 1800"
"Id:20, Valor: 728, Peso: 720"
"Id:18, Valor: 1820, Peso: 1800"
"Id:16, Valor: 364, Peso: 360"
"Id:12, Valor: 1274, Peso: 1260"
"Id:11, Valor: 728, Peso: 720"
"Id:10, Valor: 1820, Peso: 1800"
"Id:5, Valor: 1638, Peso: 1620"
"Id:3, Valor: 546, Peso: 540"
"Id:2, Valor: 546, Peso: 540"
"Id:1, Valor: 1456, Peso: 1440"
El valor optimo conseguido por Pisinger es 22045 y el tiempo 0.0 mientras que los valores conseguidos por el algoritmo fueron 21863 y el tiempo 0.107645988464
-------
"Listado numero 62, peso maximo: 19794"
"Id:49, Valor: 425, Peso: 170"
"Id:47, Valor: 85, Peso: 34"
"Id:46, Valor: 595, Peso: 238"
"Id:44, Valor: 595, Peso: 238"
"Id:43, Valor: 255, Peso: 102"
"Id:42, Valor: 152, Peso: 194"
"Id:39, Valor: 255, Peso: 102"
"Id:38, Valor: 152, Peso: 194"
"Id:37, Valor: 680, Peso: 272"
"Id:35, Valor: 680, Peso: 272"
"Id:32, Valor: 595, Peso: 238"
"Id:31, Valor: 850, Peso: 340"
"Id:26, Valor: 680, Peso: 272"
"Id:25, Valor: 595, Peso: 238"
"Id:22, Valor: 595, Peso: 238"
"Id:21, Valor: 170, Peso: 68"
"Id:19, Valor: 850, Peso: 340"
"Id:18, Valor: 595, Peso: 238"
"Id:17, Valor: 340, Peso: 136"
"Id:16, Valor: 850, Peso: 340"
"Id:13, Valor: 510, Peso: 204"
"Id:12, Valor: 340, Peso: 136"
"Id:11, Valor: 680, Peso: 272"
"Id:9, Valor: 85, Peso: 34"
"Id:7, Valor: 850, Peso: 340"
"Id:6, Valor: 595, Peso: 238"
"Id:4, Valor: 255, Peso: 102"
"Id:3, Valor: 340, Peso: 136"
"Id:1, Valor: 340, Peso: 136"
El valor optimo conseguido por Pisinger es 24781 y el tiempo 0.0 mientras que los valores conseguidos por el algoritmo fueron 13989 y el tiempo 0.179352045059
-------
"Listado numero 63, peso maximo: 4973"
"Id:49, Valor: 861, Peso: 56"
"Id:48, Valor: 615, Peso: 40"
"Id:46, Valor: 492, Peso: 32"
"Id:42, Valor: 984, Peso: 64"
"Id:41, Valor: 984, Peso: 64"
"Id:40, Valor: 246, Peso: 16"
"Id:39, Valor: 123, Peso: 8"
"Id:38, Valor: 738, Peso: 48"
"Id:37, Valor: 123, Peso: 8"
"Id:36, Valor: 1107, Peso: 72"
"Id:35, Valor: 1230, Peso: 80"
"Id:34, Valor: 492, Peso: 32"
"Id:32, Valor: 492, Peso: 32"
"Id:29, Valor: 984, Peso: 64"
"Id:28, Valor: 123, Peso: 8"
"Id:27, Valor: 72, Peso: 232"
"Id:26, Valor: 738, Peso: 48"
"Id:25, Valor: 492, Peso: 32"
"Id:24, Valor: 369, Peso: 24"
"Id:22, Valor: 492, Peso: 32"
"Id:19, Valor: 246, Peso: 16"
"Id:17, Valor: 984, Peso: 64"
"Id:15, Valor: 861, Peso: 56"
"Id:14, Valor: 615, Peso: 40"
"Id:13, Valor: 123, Peso: 8"
"Id:9, Valor: 738, Peso: 48"
"Id:8, Valor: 246, Peso: 16"
"Id:7, Valor: 369, Peso: 24"
"Id:6, Valor: 492, Peso: 32"
"Id:4, Valor: 123, Peso: 8"
"Id:1, Valor: 18, Peso: 58"
El valor optimo conseguido por Pisinger es 17688 y el tiempo 0.0 mientras que los valores conseguidos por el algoritmo fueron 16572 y el tiempo 0.11306810379
-------
"Listado numero 64, peso maximo: 20478"
"Id:48, Valor: 486, Peso: 498"
"Id:45, Valor: 567, Peso: 581"
"Id:42, Valor: 162, Peso: 166"
"Id:41, Valor: 243, Peso: 249"
"Id:40, Valor: 81, Peso: 83"
"Id:38, Valor: 162, Peso: 166"
"Id:36, Valor: 486, Peso: 498"
"Id:34, Valor: 162, Peso: 166"
"Id:33, Valor: 648, Peso: 664"
"Id:30, Valor: 324, Peso: 332"
"Id:29, Valor: 567, Peso: 581"
"Id:28, Valor: 648, Peso: 664"
"Id:27, Valor: 81, Peso: 83"
"Id:24, Valor: 486, Peso: 498"
"Id:23, Valor: 162, Peso: 166"
"Id:20, Valor: 81, Peso: 83"
"Id:15, Valor: 81, Peso: 83"
"Id:14, Valor: 729, Peso: 747"
"Id:10, Valor: 729, Peso: 747"
"Id:8, Valor: 486, Peso: 498"
"Id:5, Valor: 567, Peso: 581"
"Id:2, Valor: 648, Peso: 664"
El valor optimo conseguido por Pisinger es 10693 y el tiempo 0.0 mientras que los valores conseguidos por el algoritmo fueron 8586 y el tiempo 0.12285399437
-------
"Listado numero 65, peso maximo: 25530"
"Id:47, Valor: 1358, Peso: 1162"
"Id:46, Valor: 42, Peso: 321"
"Id:45, Valor: 970, Peso: 830"
"Id:44, Valor: 388, Peso: 332"
"Id:43, Valor: 388, Peso: 332"
"Id:39, Valor: 56, Peso: 428"
"Id:33, Valor: 194, Peso: 166"
"Id:31, Valor: 776, Peso: 664"
"Id:30, Valor: 1940, Peso: 1660"
"Id:27, Valor: 1746, Peso: 1494"
"Id:23, Valor: 776, Peso: 664"
"Id:21, Valor: 1164, Peso: 996"
"Id:20, Valor: 1552, Peso: 1328"
"Id:18, Valor: 776, Peso: 664"
"Id:16, Valor: 776, Peso: 664"
"Id:12, Valor: 194, Peso: 166"
"Id:11, Valor: 1940, Peso: 1660"
"Id:10, Valor: 1164, Peso: 996"
"Id:5, Valor: 970, Peso: 830"
"Id:3, Valor: 1746, Peso: 1494"
"Id:2, Valor: 582, Peso: 498"
"Id:1, Valor: 388, Peso: 332"
El valor optimo conseguido por Pisinger es 22624 y el tiempo 0.0 mientras que los valores conseguidos por el algoritmo fueron 19886 y el tiempo 0.0905919075012
-------
"Listado numero 66, peso maximo: 19583"
"Id:44, Valor: 76, Peso: 61"
"Id:39, Valor: 76, Peso: 61"
"Id:9, Valor: 76, Peso: 61"
"Id:4, Valor: 76, Peso: 61"
El valor optimo conseguido por Pisinger es 20836 y el tiempo 0.0 mientras que los valores conseguidos por el algoritmo fueron 304 y el tiempo 0.132522106171
-------
"Listado numero 67, peso maximo: 24179"
"Id:40, Valor: 128, Peso: 388"
"Id:30, Valor: 9, Peso: 86"
"Id:6, Valor: 128, Peso: 388"
"Id:4, Valor: 64, Peso: 194"
El valor optimo conseguido por Pisinger es 7945 y el tiempo 0.0 mientras que los valores conseguidos por el algoritmo fueron 329 y el tiempo 0.127419948578
-------
"Listado numero 68, peso maximo: 10214"
"Id:49, Valor: 280, Peso: 72"
"Id:47, Valor: 70, Peso: 18"
"Id:46, Valor: 280, Peso: 72"
"Id:44, Valor: 280, Peso: 72"
"Id:43, Valor: 70, Peso: 18"
"Id:39, Valor: 210, Peso: 54"
"Id:35, Valor: 35, Peso: 9"
"Id:26, Valor: 35, Peso: 9"
"Id:18, Valor: 70, Peso: 18"
"Id:1, Valor: 35, Peso: 9"
El valor optimo conseguido por Pisinger es 11255 y el tiempo 0.0 mientras que los valores conseguidos por el algoritmo fueron 1365 y el tiempo 0.146271944046
-------
"Listado numero 69, peso maximo: 17683"
"Id:49, Valor: 1340, Peso: 1350"
"Id:48, Valor: 268, Peso: 270"
"Id:47, Valor: 5, Peso: 23"
"Id:46, Valor: 402, Peso: 405"
"Id:42, Valor: 938, Peso: 945"
"Id:41, Valor: 670, Peso: 675"
"Id:40, Valor: 938, Peso: 945"
"Id:39, Valor: 268, Peso: 270"
"Id:38, Valor: 1206, Peso: 1215"
"Id:37, Valor: 1072, Peso: 1080"
"Id:36, Valor: 536, Peso: 540"
"Id:35, Valor: 670, Peso: 675"
"Id:34, Valor: 402, Peso: 405"
"Id:33, Valor: 5, Peso: 23"
"Id:32, Valor: 1206, Peso: 1215"
"Id:31, Valor: 10, Peso: 46"
"Id:29, Valor: 134, Peso: 135"
"Id:28, Valor: 536, Peso: 540"
"Id:26, Valor: 938, Peso: 945"
"Id:25, Valor: 938, Peso: 945"
"Id:24, Valor: 1072, Peso: 1080"
"Id:22, Valor: 938, Peso: 945"
"Id:19, Valor: 1206, Peso: 1215"
"Id:17, Valor: 938, Peso: 945"
"Id:15, Valor: 536, Peso: 540"
"Id:14, Valor: 268, Peso: 270"
El valor optimo conseguido por Pisinger es 17445 y el tiempo 0.0 mientras que los valores conseguidos por el algoritmo fueron 17440 y el tiempo 0.125394821167
-------
"Listado numero 70, peso maximo: 11990"
"Id:48, Valor: 528, Peso: 111"
"Id:45, Valor: 1408, Peso: 296"
"Id:42, Valor: 528, Peso: 111"
"Id:41, Valor: 1760, Peso: 370"
"Id:40, Valor: 704, Peso: 148"
"Id:38, Valor: 528, Peso: 111"
"Id:36, Valor: 176, Peso: 37"
"Id:34, Valor: 176, Peso: 37"
"Id:33, Valor: 528, Peso: 111"
"Id:30, Valor: 1584, Peso: 333"
"Id:29, Valor: 352, Peso: 74"
"Id:28, Valor: 176, Peso: 37"
"Id:27, Valor: 1056, Peso: 222"
"Id:24, Valor: 176, Peso: 37"
"Id:23, Valor: 880, Peso: 185"
"Id:21, Valor: 134, Peso: 178"
"Id:20, Valor: 1056, Peso: 222"
"Id:15, Valor: 1408, Peso: 296"
"Id:14, Valor: 1056, Peso: 222"
"Id:10, Valor: 1056, Peso: 222"
"Id:8, Valor: 1232, Peso: 259"
"Id:5, Valor: 1760, Peso: 370"
"Id:4, Valor: 67, Peso: 89"
"Id:2, Valor: 1232, Peso: 259"
El valor optimo conseguido por Pisinger es 25893 y el tiempo 0.0 mientras que los valores conseguidos por el algoritmo fueron 19561 y el tiempo 0.121267795563
-------
"Listado numero 71, peso maximo: 25514"
"Id:47, Valor: 1032, Peso: 904"
"Id:45, Valor: 774, Peso: 678"
"Id:44, Valor: 387, Peso: 339"
"Id:43, Valor: 387, Peso: 339"
"Id:33, Valor: 774, Peso: 678"
"Id:31, Valor: 129, Peso: 113"
"Id:30, Valor: 645, Peso: 565"
"Id:27, Valor: 258, Peso: 226"
"Id:23, Valor: 903, Peso: 791"
"Id:21, Valor: 387, Peso: 339"
"Id:20, Valor: 387, Peso: 339"
"Id:18, Valor: 1161, Peso: 1017"
"Id:16, Valor: 387, Peso: 339"
"Id:2, Valor: 258, Peso: 226"
"Id:1, Valor: 129, Peso: 113"
El valor optimo conseguido por Pisinger es 18487 y el tiempo 0.0 mientras que los valores conseguidos por el algoritmo fueron 7998 y el tiempo 0.146871089935
-------
"Listado numero 72, peso maximo: 37686"
"Id:48, Valor: 372, Peso: 828"
"Id:45, Valor: 310, Peso: 690"
"Id:42, Valor: 124, Peso: 276"
"Id:41, Valor: 558, Peso: 1242"
"Id:40, Valor: 558, Peso: 1242"
"Id:38, Valor: 248, Peso: 552"
"Id:36, Valor: 124, Peso: 276"
"Id:34, Valor: 496, Peso: 1104"
"Id:33, Valor: 496, Peso: 1104"
"Id:30, Valor: 620, Peso: 1380"
"Id:29, Valor: 558, Peso: 1242"
"Id:28, Valor: 620, Peso: 1380"
"Id:27, Valor: 558, Peso: 1242"
"Id:24, Valor: 372, Peso: 828"
"Id:23, Valor: 496, Peso: 1104"
"Id:20, Valor: 434, Peso: 966"
"Id:15, Valor: 310, Peso: 690"
"Id:14, Valor: 310, Peso: 690"
"Id:10, Valor: 558, Peso: 1242"
"Id:8, Valor: 372, Peso: 828"
"Id:5, Valor: 434, Peso: 966"
"Id:2, Valor: 496, Peso: 1104"
El valor optimo conseguido por Pisinger es 13506 y el tiempo 0.0 mientras que los valores conseguidos por el algoritmo fueron 9424 y el tiempo 0.198590993881
-------
"Listado numero 73, peso maximo: 23665"
"Id:45, Valor: 51, Peso: 27"
"Id:44, Valor: 34, Peso: 18"
"Id:20, Valor: 68, Peso: 36"
"Id:3, Valor: 51, Peso: 27"
"Id:2, Valor: 51, Peso: 27"
"Id:1, Valor: 34, Peso: 18"
El valor optimo conseguido por Pisinger es 19517 y el tiempo 0.0 mientras que los valores conseguidos por el algoritmo fueron 289 y el tiempo 0.150715112686
-------
"Listado numero 74, peso maximo: 14690"
"Id:48, Valor: 819, Peso: 161"
"Id:45, Valor: 234, Peso: 46"
"Id:42, Valor: 351, Peso: 69"
"Id:41, Valor: 1170, Peso: 230"
"Id:40, Valor: 468, Peso: 92"
"Id:38, Valor: 351, Peso: 69"
"Id:36, Valor: 351, Peso: 69"
"Id:34, Valor: 351, Peso: 69"
"Id:33, Valor: 117, Peso: 23"
"Id:30, Valor: 351, Peso: 69"
"Id:29, Valor: 702, Peso: 138"
"Id:28, Valor: 117, Peso: 23"
"Id:27, Valor: 468, Peso: 92"
"Id:24, Valor: 117, Peso: 23"
"Id:23, Valor: 351, Peso: 69"
"Id:20, Valor: 936, Peso: 184"
"Id:15, Valor: 468, Peso: 92"
"Id:14, Valor: 468, Peso: 92"
"Id:10, Valor: 234, Peso: 46"
"Id:8, Valor: 351, Peso: 69"
"Id:5, Valor: 468, Peso: 92"
"Id:2, Valor: 819, Peso: 161"
El valor optimo conseguido por Pisinger es 16794 y el tiempo 0.0 mientras que los valores conseguidos por el algoritmo fueron 10062 y el tiempo 0.12295293808
-------
"Listado numero 75, peso maximo: 16941"
"Id:49, Valor: 261, Peso: 111"
"Id:48, Valor: 783, Peso: 333"
"Id:46, Valor: 348, Peso: 148"
"Id:42, Valor: 696, Peso: 296"
"Id:41, Valor: 348, Peso: 148"
"Id:40, Valor: 870, Peso: 370"
"Id:39, Valor: 261, Peso: 111"
"Id:38, Valor: 870, Peso: 370"
"Id:37, Valor: 435, Peso: 185"
"Id:36, Valor: 783, Peso: 333"
"Id:35, Valor: 870, Peso: 370"
"Id:34, Valor: 174, Peso: 74"
"Id:32, Valor: 174, Peso: 74"
"Id:29, Valor: 522, Peso: 222"
"Id:28, Valor: 609, Peso: 259"
"Id:26, Valor: 696, Peso: 296"
"Id:25, Valor: 870, Peso: 370"
"Id:24, Valor: 261, Peso: 111"
"Id:22, Valor: 174, Peso: 74"
"Id:19, Valor: 696, Peso: 296"
"Id:17, Valor: 348, Peso: 148"
"Id:9, Valor: 348, Peso: 148"
"Id:8, Valor: 696, Peso: 296"
El valor optimo conseguido por Pisinger es 24702 y el tiempo 0.0 mientras que los valores conseguidos por el algoritmo fueron 12093 y el tiempo 0.196981191635
-------
"Listado numero 76, peso maximo: 22924"
"Id:49, Valor: 348, Peso: 306"
"Id:47, Valor: 580, Peso: 510"
"Id:46, Valor: 464, Peso: 408"
"Id:44, Valor: 464, Peso: 408"
"Id:43, Valor: 348, Peso: 306"
"Id:39, Valor: 580, Peso: 510"
"Id:37, Valor: 406, Peso: 357"
"Id:35, Valor: 290, Peso: 255"
"Id:32, Valor: 580, Peso: 510"
"Id:31, Valor: 174, Peso: 153"
"Id:26, Valor: 406, Peso: 357"
"Id:25, Valor: 348, Peso: 306"
"Id:22, Valor: 464, Peso: 408"
"Id:21, Valor: 522, Peso: 459"
"Id:19, Valor: 522, Peso: 459"
"Id:18, Valor: 464, Peso: 408"
"Id:17, Valor: 522, Peso: 459"
"Id:16, Valor: 174, Peso: 153"
"Id:13, Valor: 58, Peso: 51"
"Id:12, Valor: 290, Peso: 255"
"Id:11, Valor: 406, Peso: 357"
"Id:9, Valor: 464, Peso: 408"
"Id:7, Valor: 290, Peso: 255"
"Id:6, Valor: 232, Peso: 204"
"Id:4, Valor: 580, Peso: 510"
"Id:3, Valor: 406, Peso: 357"
"Id:1, Valor: 58, Peso: 51"
El valor optimo conseguido por Pisinger es 14839 y el tiempo 0.0 mientras que los valores conseguidos por el algoritmo fueron 10440 y el tiempo 0.214946985245
-------
"Listado numero 77, peso maximo: 22322"
"Id:46, Valor: 580, Peso: 600"
"Id:40, Valor: 580, Peso: 600"
"Id:38, Valor: 116, Peso: 120"
"Id:25, Valor: 580, Peso: 600"
"Id:9, Valor: 580, Peso: 600"
"Id:8, Valor: 580, Peso: 600"
El valor optimo conseguido por Pisinger es 21100 y el tiempo 0.0 mientras que los valores conseguidos por el algoritmo fueron 3016 y el tiempo 0.148783922195
-------
"Listado numero 78, peso maximo: 26251"
"Id:49, Valor: 441, Peso: 1296"
"Id:48, Valor: 384, Peso: 237"
"Id:45, Valor: 1024, Peso: 632"
"Id:42, Valor: 384, Peso: 237"
"Id:41, Valor: 1024, Peso: 632"
"Id:40, Valor: 256, Peso: 158"
"Id:38, Valor: 640, Peso: 395"
"Id:37, Valor: 98, Peso: 288"
"Id:36, Valor: 896, Peso: 553"
"Id:34, Valor: 640, Peso: 395"
"Id:33, Valor: 128, Peso: 79"
"Id:30, Valor: 640, Peso: 395"
"Id:29, Valor: 256, Peso: 158"
"Id:28, Valor: 384, Peso: 237"
"Id:27, Valor: 512, Peso: 316"
"Id:25, Valor: 49, Peso: 144"
"Id:24, Valor: 128, Peso: 79"
"Id:23, Valor: 128, Peso: 79"
"Id:21, Valor: 98, Peso: 288"
"Id:20, Valor: 256, Peso: 158"
"Id:15, Valor: 256, Peso: 158"
"Id:14, Valor: 512, Peso: 316"
"Id:10, Valor: 1024, Peso: 632"
"Id:8, Valor: 1152, Peso: 711"
"Id:5, Valor: 1280, Peso: 790"
"Id:2, Valor: 896, Peso: 553"
El valor optimo conseguido por Pisinger es 19437 y el tiempo 0.0 mientras que los valores conseguidos por el algoritmo fueron 13486 y el tiempo 0.124144077301
-------
"Listado numero 79, peso maximo: 16013"
"Id:49, Valor: 99, Peso: 23"
"Id:48, Valor: 297, Peso: 69"
"Id:46, Valor: 396, Peso: 92"
"Id:42, Valor: 990, Peso: 230"
"Id:41, Valor: 198, Peso: 46"
"Id:40, Valor: 990, Peso: 230"
"Id:39, Valor: 99, Peso: 23"
"Id:38, Valor: 990, Peso: 230"
"Id:37, Valor: 693, Peso: 161"
"Id:36, Valor: 297, Peso: 69"
"Id:35, Valor: 792, Peso: 184"
"Id:34, Valor: 396, Peso: 92"
"Id:32, Valor: 198, Peso: 46"
"Id:29, Valor: 990, Peso: 230"
"Id:28, Valor: 891, Peso: 207"
"Id:26, Valor: 594, Peso: 138"
"Id:25, Valor: 792, Peso: 184"
"Id:24, Valor: 297, Peso: 69"
"Id:22, Valor: 198, Peso: 46"
"Id:19, Valor: 396, Peso: 92"
"Id:17, Valor: 198, Peso: 46"
"Id:15, Valor: 693, Peso: 161"
"Id:13, Valor: 99, Peso: 23"
"Id:8, Valor: 198, Peso: 46"
El valor optimo conseguido por Pisinger es 22866 y el tiempo 0.0 mientras que los valores conseguidos por el algoritmo fueron 11781 y el tiempo 0.168350934982
-------
"Listado numero 80, peso maximo: 23668"
"Id:49, Valor: 276, Peso: 148"
"Id:47, Valor: 414, Peso: 222"
"Id:46, Valor: 552, Peso: 296"
"Id:44, Valor: 138, Peso: 74"
"Id:43, Valor: 138, Peso: 74"
"Id:39, Valor: 552, Peso: 296"
"Id:37, Valor: 621, Peso: 333"
"Id:36, Valor: 440, Peso: 1930"
"Id:35, Valor: 69, Peso: 37"
"Id:34, Valor: 88, Peso: 386"
"Id:32, Valor: 552, Peso: 296"
"Id:31, Valor: 621, Peso: 333"
"Id:26, Valor: 345, Peso: 185"
"Id:25, Valor: 414, Peso: 222"
"Id:22, Valor: 552, Peso: 296"
"Id:21, Valor: 345, Peso: 185"
"Id:19, Valor: 345, Peso: 185"
"Id:18, Valor: 690, Peso: 370"
"Id:17, Valor: 483, Peso: 259"
"Id:16, Valor: 345, Peso: 185"
"Id:13, Valor: 345, Peso: 185"
"Id:12, Valor: 483, Peso: 259"
"Id:11, Valor: 345, Peso: 185"
"Id:9, Valor: 552, Peso: 296"
"Id:7, Valor: 345, Peso: 185"
"Id:6, Valor: 690, Peso: 370"
"Id:4, Valor: 552, Peso: 296"
"Id:3, Valor: 207, Peso: 111"
"Id:1, Valor: 483, Peso: 259"
El valor optimo conseguido por Pisinger es 15414 y el tiempo 0.0 mientras que los valores conseguidos por el algoritmo fueron 11982 y el tiempo 0.184638977051
-------
"Listado numero 81, peso maximo: 22719"
"Id:47, Valor: 850, Peso: 255"
"Id:45, Valor: 510, Peso: 153"
"Id:44, Valor: 1700, Peso: 510"
"Id:43, Valor: 1360, Peso: 408"
"Id:37, Valor: 212, Peso: 294"
"Id:33, Valor: 1190, Peso: 357"
"Id:31, Valor: 680, Peso: 204"
"Id:30, Valor: 680, Peso: 204"
"Id:27, Valor: 850, Peso: 255"
"Id:23, Valor: 1360, Peso: 408"
"Id:21, Valor: 1020, Peso: 306"
"Id:20, Valor: 1700, Peso: 510"
"Id:18, Valor: 1020, Peso: 306"
"Id:16, Valor: 680, Peso: 204"
"Id:12, Valor: 510, Peso: 153"
"Id:11, Valor: 1700, Peso: 510"
"Id:10, Valor: 1360, Peso: 408"
"Id:5, Valor: 850, Peso: 255"
"Id:3, Valor: 850, Peso: 255"
"Id:2, Valor: 510, Peso: 153"
"Id:1, Valor: 340, Peso: 102"
El valor optimo conseguido por Pisinger es 33080 y el tiempo 0.0 mientras que los valores conseguidos por el algoritmo fueron 19932 y el tiempo 0.159082174301
-------
"Listado numero 82, peso maximo: 33253"
"Id:49, Valor: 351, Peso: 1548"
"Id:48, Valor: 980, Peso: 455"
"Id:47, Valor: 117, Peso: 516"
"Id:46, Valor: 351, Peso: 1548"
"Id:45, Valor: 280, Peso: 130"
"Id:42, Valor: 700, Peso: 325"
"Id:41, Valor: 840, Peso: 390"
"Id:40, Valor: 280, Peso: 130"
"Id:38, Valor: 700, Peso: 325"
"Id:36, Valor: 140, Peso: 65"
"Id:34, Valor: 1260, Peso: 585"
"Id:33, Valor: 1260, Peso: 585"
"Id:30, Valor: 1260, Peso: 585"
"Id:29, Valor: 1120, Peso: 520"
"Id:28, Valor: 700, Peso: 325"
"Id:27, Valor: 280, Peso: 130"
"Id:24, Valor: 1260, Peso: 585"
"Id:23, Valor: 1260, Peso: 585"
"Id:20, Valor: 840, Peso: 390"
"Id:15, Valor: 1400, Peso: 650"
"Id:14, Valor: 280, Peso: 130"
"Id:10, Valor: 560, Peso: 260"
"Id:8, Valor: 420, Peso: 195"
"Id:5, Valor: 840, Peso: 390"
"Id:2, Valor: 980, Peso: 455"
El valor optimo conseguido por Pisinger es 23816 y el tiempo 0.0 mientras que los valores conseguidos por el algoritmo fueron 18459 y el tiempo 0.143361091614
-------
"Listado numero 83, peso maximo: 28790"
"Id:49, Valor: 999, Peso: 711"
"Id:48, Valor: 777, Peso: 553"
"Id:47, Valor: 204, Peso: 392"
"Id:46, Valor: 444, Peso: 316"
"Id:45, Valor: 1020, Peso: 1960"
"Id:44, Valor: 714, Peso: 1372"
"Id:43, Valor: 102, Peso: 196"
"Id:42, Valor: 1110, Peso: 790"
"Id:41, Valor: 1110, Peso: 790"
"Id:40, Valor: 888, Peso: 632"
"Id:39, Valor: 999, Peso: 711"
"Id:38, Valor: 222, Peso: 158"
"Id:37, Valor: 777, Peso: 553"
"Id:36, Valor: 777, Peso: 553"
"Id:35, Valor: 444, Peso: 316"
"Id:34, Valor: 666, Peso: 474"
"Id:32, Valor: 222, Peso: 158"
"Id:29, Valor: 666, Peso: 474"
"Id:28, Valor: 999, Peso: 711"
"Id:26, Valor: 444, Peso: 316"
"Id:25, Valor: 666, Peso: 474"
"Id:24, Valor: 111, Peso: 79"
"Id:22, Valor: 1110, Peso: 790"
"Id:19, Valor: 888, Peso: 632"
"Id:17, Valor: 1110, Peso: 790"
"Id:15, Valor: 333, Peso: 237"
"Id:14, Valor: 777, Peso: 553"
"Id:13, Valor: 555, Peso: 395"
"Id:9, Valor: 444, Peso: 316"
"Id:8, Valor: 888, Peso: 632"
"Id:7, Valor: 333, Peso: 237"
"Id:6, Valor: 222, Peso: 158"
"Id:4, Valor: 777, Peso: 553"
El valor optimo conseguido por Pisinger es 27408 y el tiempo 0.0 mientras que los valores conseguidos por el algoritmo fueron 21798 y el tiempo 0.221762180328
-------
"Listado numero 84, peso maximo: 13595"
"Id:49, Valor: 22, Peso: 186"
"Id:48, Valor: 1640, Peso: 210"
"Id:45, Valor: 1476, Peso: 189"
"Id:42, Valor: 656, Peso: 84"
"Id:41, Valor: 820, Peso: 105"
"Id:40, Valor: 1148, Peso: 147"
"Id:38, Valor: 984, Peso: 126"
"Id:36, Valor: 328, Peso: 42"
"Id:34, Valor: 656, Peso: 84"
"Id:33, Valor: 656, Peso: 84"
"Id:30, Valor: 328, Peso: 42"
"Id:29, Valor: 820, Peso: 105"
"Id:28, Valor: 984, Peso: 126"
"Id:27, Valor: 1148, Peso: 147"
"Id:26, Valor: 11, Peso: 93"
"Id:24, Valor: 656, Peso: 84"
"Id:23, Valor: 656, Peso: 84"
"Id:21, Valor: 11, Peso: 93"
"Id:20, Valor: 1148, Peso: 147"
"Id:19, Valor: 11, Peso: 93"
"Id:15, Valor: 1148, Peso: 147"
"Id:14, Valor: 164, Peso: 21"
"Id:12, Valor: 11, Peso: 93"
"Id:10, Valor: 1148, Peso: 147"
"Id:8, Valor: 1640, Peso: 210"
"Id:5, Valor: 492, Peso: 63"
"Id:3, Valor: 11, Peso: 93"
"Id:2, Valor: 984, Peso: 126"
"Id:1, Valor: 11, Peso: 93"
El valor optimo conseguido por Pisinger es 21470 y el tiempo 0.0 mientras que los valores conseguidos por el algoritmo fueron 19768 y el tiempo 0.0948469638824
-------
"Listado numero 85, peso maximo: 31849"
"Id:49, Valor: 388, Peso: 700"
"Id:48, Valor: 970, Peso: 1750"
"Id:47, Valor: 1629, Peso: 963"
"Id:45, Valor: 1267, Peso: 749"
"Id:44, Valor: 724, Peso: 428"
"Id:43, Valor: 1086, Peso: 642"
"Id:42, Valor: 97, Peso: 175"
"Id:33, Valor: 1267, Peso: 749"
"Id:31, Valor: 362, Peso: 214"
"Id:30, Valor: 1086, Peso: 642"
"Id:27, Valor: 543, Peso: 321"
"Id:23, Valor: 1086, Peso: 642"
"Id:21, Valor: 362, Peso: 214"
"Id:20, Valor: 724, Peso: 428"
"Id:18, Valor: 1448, Peso: 856"
"Id:16, Valor: 1086, Peso: 642"
"Id:12, Valor: 905, Peso: 535"
"Id:11, Valor: 1448, Peso: 856"
"Id:10, Valor: 724, Peso: 428"
"Id:5, Valor: 181, Peso: 107"
"Id:3, Valor: 181, Peso: 107"
"Id:2, Valor: 543, Peso: 321"
"Id:1, Valor: 1448, Peso: 856"
El valor optimo conseguido por Pisinger es 30968 y el tiempo 0.0 mientras que los valores conseguidos por el algoritmo fueron 19555 y el tiempo 0.137531995773
-------
"Listado numero 86, peso maximo: 35516"
"Id:48, Valor: 152, Peso: 122"
"Id:45, Valor: 912, Peso: 732"
"Id:42, Valor: 760, Peso: 610"
"Id:40, Valor: 304, Peso: 244"
"Id:34, Valor: 152, Peso: 122"
El valor optimo conseguido por Pisinger es 35872 y el tiempo 0.0 mientras que los valores conseguidos por el algoritmo fueron 2280 y el tiempo 0.18718290329
-------
"Listado numero 87, peso maximo: 11689"
"Id:47, Valor: 558, Peso: 144"
"Id:44, Valor: 93, Peso: 24"
"Id:31, Valor: 93, Peso: 24"
"Id:18, Valor: 93, Peso: 24"
"Id:16, Valor: 93, Peso: 24"
"Id:1, Valor: 93, Peso: 24"
El valor optimo conseguido por Pisinger es 26967 y el tiempo 0.0 mientras que los valores conseguidos por el algoritmo fueron 1023 y el tiempo 0.17734003067
-------
"Listado numero 88, peso maximo: 15960"
"Id:48, Valor: 620, Peso: 192"
"Id:45, Valor: 465, Peso: 144"
"Id:42, Valor: 620, Peso: 192"
"Id:41, Valor: 465, Peso: 144"
"Id:40, Valor: 775, Peso: 240"
"Id:38, Valor: 1240, Peso: 384"
"Id:36, Valor: 930, Peso: 288"
"Id:34, Valor: 930, Peso: 288"
"Id:33, Valor: 620, Peso: 192"
"Id:30, Valor: 620, Peso: 192"
"Id:29, Valor: 155, Peso: 48"
"Id:28, Valor: 1240, Peso: 384"
"Id:27, Valor: 775, Peso: 240"
"Id:24, Valor: 620, Peso: 192"
"Id:23, Valor: 310, Peso: 96"
"Id:20, Valor: 1395, Peso: 432"
"Id:15, Valor: 775, Peso: 240"
"Id:14, Valor: 1395, Peso: 432"
"Id:10, Valor: 155, Peso: 48"
"Id:8, Valor: 930, Peso: 288"
"Id:5, Valor: 1395, Peso: 432"
"Id:2, Valor: 930, Peso: 288"
El valor optimo conseguido por Pisinger es 20729 y el tiempo 0.0 mientras que los valores conseguidos por el algoritmo fueron 17360 y el tiempo 0.115150928497
-------
"Listado numero 89, peso maximo: 9936"
"Id:49, Valor: 176, Peso: 4"
"Id:48, Valor: 352, Peso: 8"
"Id:46, Valor: 440, Peso: 10"
"Id:42, Valor: 88, Peso: 2"
"Id:41, Valor: 616, Peso: 14"
"Id:40, Valor: 264, Peso: 6"
"Id:39, Valor: 880, Peso: 20"
"Id:38, Valor: 264, Peso: 6"
"Id:37, Valor: 352, Peso: 8"
"Id:36, Valor: 176, Peso: 4"
"Id:35, Valor: 792, Peso: 18"
"Id:34, Valor: 440, Peso: 10"
"Id:32, Valor: 440, Peso: 10"
"Id:28, Valor: 176, Peso: 4"
"Id:14, Valor: 352, Peso: 8"
"Id:13, Valor: 352, Peso: 8"
"Id:9, Valor: 264, Peso: 6"
"Id:8, Valor: 88, Peso: 2"
"Id:6, Valor: 264, Peso: 6"
El valor optimo conseguido por Pisinger es 33167 y el tiempo 0.0 mientras que los valores conseguidos por el algoritmo fueron 6776 y el tiempo 0.134685993195
-------
"Listado numero 90, peso maximo: 17779"
"Id:49, Valor: 755, Peso: 135"
"Id:47, Valor: 151, Peso: 27"
"Id:44, Valor: 1057, Peso: 189"
"Id:22, Valor: 151, Peso: 27"
"Id:17, Valor: 302, Peso: 54"
El valor optimo conseguido por Pisinger es 45556 y el tiempo 0.0 mientras que los valores conseguidos por el algoritmo fueron 2416 y el tiempo 0.216615915298
-------
"Listado numero 91, peso maximo: 25565"
"Id:47, Valor: 830, Peso: 510"
"Id:45, Valor: 830, Peso: 510"
"Id:44, Valor: 415, Peso: 255"
"Id:43, Valor: 415, Peso: 255"
"Id:36, Valor: 189, Peso: 366"
"Id:33, Valor: 830, Peso: 510"
"Id:31, Valor: 747, Peso: 459"
"Id:30, Valor: 83, Peso: 51"
"Id:27, Valor: 498, Peso: 306"
"Id:23, Valor: 581, Peso: 357"
"Id:21, Valor: 747, Peso: 459"
"Id:20, Valor: 581, Peso: 357"
"Id:18, Valor: 249, Peso: 153"
"Id:16, Valor: 249, Peso: 153"
"Id:12, Valor: 830, Peso: 510"
"Id:11, Valor: 249, Peso: 153"
"Id:10, Valor: 83, Peso: 51"
"Id:5, Valor: 332, Peso: 204"
"Id:3, Valor: 166, Peso: 102"
"Id:2, Valor: 166, Peso: 102"
"Id:1, Valor: 415, Peso: 255"
El valor optimo conseguido por Pisinger es 19997 y el tiempo 0.0 mientras que los valores conseguidos por el algoritmo fueron 9485 y el tiempo 0.205078840256
-------
"Listado numero 92, peso maximo: 25450"
"Id:48, Valor: 1168, Peso: 608"
"Id:45, Valor: 1314, Peso: 684"
"Id:43, Valor: 68, Peso: 272"
"Id:42, Valor: 876, Peso: 456"
"Id:41, Valor: 146, Peso: 76"
"Id:40, Valor: 730, Peso: 380"
"Id:38, Valor: 1168, Peso: 608"
"Id:36, Valor: 1460, Peso: 760"
"Id:34, Valor: 1460, Peso: 760"
"Id:33, Valor: 292, Peso: 152"
"Id:30, Valor: 1168, Peso: 608"
"Id:29, Valor: 1022, Peso: 532"
"Id:28, Valor: 1168, Peso: 608"
"Id:27, Valor: 730, Peso: 380"
"Id:24, Valor: 584, Peso: 304"
"Id:23, Valor: 1460, Peso: 760"
"Id:20, Valor: 438, Peso: 228"
"Id:15, Valor: 438, Peso: 228"
"Id:14, Valor: 1022, Peso: 532"
"Id:10, Valor: 1022, Peso: 532"
"Id:8, Valor: 292, Peso: 152"
"Id:5, Valor: 438, Peso: 228"
"Id:2, Valor: 876, Peso: 456"
El valor optimo conseguido por Pisinger es 23484 y el tiempo 0.0 mientras que los valores conseguidos por el algoritmo fueron 19340 y el tiempo 0.117635011673
-------
"Listado numero 93, peso maximo: 17651"
"Id:49, Valor: 158, Peso: 60"
"Id:48, Valor: 632, Peso: 240"
"Id:46, Valor: 395, Peso: 150"
"Id:42, Valor: 79, Peso: 30"
"Id:41, Valor: 395, Peso: 150"
"Id:40, Valor: 79, Peso: 30"
"Id:39, Valor: 632, Peso: 240"
"Id:38, Valor: 237, Peso: 90"
"Id:37, Valor: 316, Peso: 120"
"Id:36, Valor: 316, Peso: 120"
"Id:35, Valor: 395, Peso: 150"
"Id:34, Valor: 553, Peso: 210"
"Id:33, Valor: 20, Peso: 750"
"Id:32, Valor: 395, Peso: 150"
"Id:29, Valor: 395, Peso: 150"
"Id:28, Valor: 316, Peso: 120"
"Id:27, Valor: 4, Peso: 150"
"Id:26, Valor: 395, Peso: 150"
"Id:25, Valor: 553, Peso: 210"
"Id:24, Valor: 474, Peso: 180"
"Id:22, Valor: 395, Peso: 150"
"Id:19, Valor: 237, Peso: 90"
"Id:17, Valor: 553, Peso: 210"
"Id:15, Valor: 632, Peso: 240"
"Id:14, Valor: 158, Peso: 60"
"Id:13, Valor: 474, Peso: 180"
"Id:9, Valor: 79, Peso: 30"
"Id:8, Valor: 395, Peso: 150"
"Id:7, Valor: 790, Peso: 300"
"Id:6, Valor: 79, Peso: 30"
"Id:4, Valor: 474, Peso: 180"
El valor optimo conseguido por Pisinger es 11337 y el tiempo 0.0 mientras que los valores conseguidos por el algoritmo fueron 11005 y el tiempo 0.102185964584
-------
"Listado numero 94, peso maximo: 28354"
"Id:49, Valor: 705, Peso: 270"
"Id:48, Valor: 104, Peso: 164"
"Id:47, Valor: 987, Peso: 378"
"Id:46, Valor: 1269, Peso: 486"
"Id:45, Valor: 624, Peso: 984"
"Id:44, Valor: 141, Peso: 54"
"Id:43, Valor: 705, Peso: 270"
"Id:41, Valor: 1040, Peso: 1640"
"Id:40, Valor: 1040, Peso: 1640"
"Id:39, Valor: 705, Peso: 270"
"Id:37, Valor: 846, Peso: 324"
"Id:36, Valor: 104, Peso: 164"
"Id:35, Valor: 1410, Peso: 540"
"Id:32, Valor: 141, Peso: 54"
"Id:31, Valor: 1410, Peso: 540"
"Id:26, Valor: 282, Peso: 108"
"Id:25, Valor: 705, Peso: 270"
"Id:22, Valor: 141, Peso: 54"
"Id:21, Valor: 564, Peso: 216"
"Id:19, Valor: 564, Peso: 216"
"Id:18, Valor: 141, Peso: 54"
"Id:17, Valor: 282, Peso: 108"
"Id:16, Valor: 1128, Peso: 432"
"Id:13, Valor: 1128, Peso: 432"
"Id:12, Valor: 1128, Peso: 432"
"Id:11, Valor: 846, Peso: 324"
"Id:9, Valor: 987, Peso: 378"
"Id:7, Valor: 282, Peso: 108"
"Id:6, Valor: 987, Peso: 378"
"Id:4, Valor: 705, Peso: 270"
"Id:3, Valor: 846, Peso: 324"
"Id:1, Valor: 564, Peso: 216"
El valor optimo conseguido por Pisinger es 32807 y el tiempo 0.0 mientras que los valores conseguidos por el algoritmo fueron 22511 y el tiempo 0.174347162247
-------
"Listado numero 95, peso maximo: 20195"
"Id:47, Valor: 444, Peso: 474"
"Id:45, Valor: 296, Peso: 316"
"Id:44, Valor: 74, Peso: 79"
"Id:43, Valor: 74, Peso: 79"
"Id:31, Valor: 370, Peso: 395"
"Id:20, Valor: 74, Peso: 79"
"Id:12, Valor: 296, Peso: 316"
"Id:11, Valor: 74, Peso: 79"
"Id:1, Valor: 74, Peso: 79"
El valor optimo conseguido por Pisinger es 16020 y el tiempo 0.0 mientras que los valores conseguidos por el algoritmo fueron 1776 y el tiempo 0.163540124893
-------
"Listado numero 96, peso maximo: 24373"
"Id:48, Valor: 274, Peso: 66"
"Id:45, Valor: 411, Peso: 99"
"Id:42, Valor: 822, Peso: 198"
"Id:41, Valor: 1233, Peso: 297"
"Id:40, Valor: 685, Peso: 165"
"Id:38, Valor: 1370, Peso: 330"
"Id:36, Valor: 274, Peso: 66"
"Id:34, Valor: 274, Peso: 66"
"Id:33, Valor: 274, Peso: 66"
"Id:30, Valor: 274, Peso: 66"
"Id:29, Valor: 411, Peso: 99"
"Id:28, Valor: 1370, Peso: 330"
"Id:27, Valor: 411, Peso: 99"
"Id:24, Valor: 548, Peso: 132"
"Id:23, Valor: 1096, Peso: 264"
"Id:20, Valor: 959, Peso: 231"
"Id:17, Valor: 45, Peso: 122"
"Id:15, Valor: 1233, Peso: 297"
"Id:14, Valor: 685, Peso: 165"
"Id:10, Valor: 411, Peso: 99"
"Id:8, Valor: 822, Peso: 198"
"Id:5, Valor: 1233, Peso: 297"
"Id:2, Valor: 822, Peso: 198"
El valor optimo conseguido por Pisinger es 23818 y el tiempo 0.0 mientras que los valores conseguidos por el algoritmo fueron 15937 y el tiempo 0.12891292572
-------
"Listado numero 97, peso maximo: 21587"
"Id:49, Valor: 700, Peso: 580"
"Id:48, Valor: 280, Peso: 232"
"Id:47, Valor: 48, Peso: 408"
"Id:46, Valor: 350, Peso: 290"
"Id:45, Valor: 16, Peso: 136"
"Id:42, Valor: 70, Peso: 58"
"Id:41, Valor: 210, Peso: 174"
"Id:40, Valor: 70, Peso: 58"
"Id:39, Valor: 420, Peso: 348"
"Id:38, Valor: 350, Peso: 290"
"Id:37, Valor: 420, Peso: 348"
"Id:36, Valor: 560, Peso: 464"
"Id:35, Valor: 70, Peso: 58"
"Id:34, Valor: 70, Peso: 58"
"Id:32, Valor: 350, Peso: 290"
"Id:29, Valor: 70, Peso: 58"
"Id:28, Valor: 420, Peso: 348"
"Id:27, Valor: 16, Peso: 136"
"Id:26, Valor: 70, Peso: 58"
"Id:25, Valor: 490, Peso: 406"
"Id:24, Valor: 420, Peso: 348"
"Id:22, Valor: 210, Peso: 174"
"Id:19, Valor: 490, Peso: 406"
"Id:17, Valor: 350, Peso: 290"
"Id:15, Valor: 280, Peso: 232"
"Id:14, Valor: 700, Peso: 580"
"Id:13, Valor: 560, Peso: 464"
"Id:9, Valor: 70, Peso: 58"
"Id:8, Valor: 70, Peso: 58"
"Id:7, Valor: 700, Peso: 580"
"Id:6, Valor: 630, Peso: 522"
"Id:4, Valor: 280, Peso: 232"
"Id:3, Valor: 16, Peso: 136"
El valor optimo conseguido por Pisinger es 11314 y el tiempo 0.0 mientras que los valores conseguidos por el algoritmo fueron 9826 y el tiempo 0.117045879364
-------
"Listado numero 98, peso maximo: 31144"
"Id:49, Valor: 396, Peso: 246"
"Id:48, Valor: 580, Peso: 750"
"Id:47, Valor: 132, Peso: 82"
"Id:46, Valor: 1188, Peso: 738"
"Id:44, Valor: 924, Peso: 574"
"Id:43, Valor: 132, Peso: 82"
"Id:39, Valor: 396, Peso: 246"
"Id:37, Valor: 1056, Peso: 656"
"Id:35, Valor: 792, Peso: 492"
"Id:32, Valor: 132, Peso: 82"
"Id:31, Valor: 1056, Peso: 656"
"Id:26, Valor: 1320, Peso: 820"
"Id:25, Valor: 396, Peso: 246"
"Id:22, Valor: 132, Peso: 82"
"Id:21, Valor: 1056, Peso: 656"
"Id:19, Valor: 1320, Peso: 820"
"Id:18, Valor: 660, Peso: 410"
"Id:17, Valor: 1320, Peso: 820"
"Id:16, Valor: 1320, Peso: 820"
"Id:13, Valor: 264, Peso: 164"
"Id:12, Valor: 264, Peso: 164"
"Id:11, Valor: 528, Peso: 328"
"Id:9, Valor: 660, Peso: 410"
"Id:7, Valor: 264, Peso: 164"
"Id:6, Valor: 660, Peso: 410"
"Id:4, Valor: 660, Peso: 410"
"Id:3, Valor: 264, Peso: 164"
"Id:1, Valor: 1056, Peso: 656"
El valor optimo conseguido por Pisinger es 33544 y el tiempo 0.0 mientras que los valores conseguidos por el algoritmo fueron 18928 y el tiempo 0.205138921738
-------
"Listado numero 99, peso maximo: 40983"
"Id:49, Valor: 435, Peso: 820"
"Id:48, Valor: 435, Peso: 820"
"Id:47, Valor: 1950, Peso: 1070"
"Id:45, Valor: 1560, Peso: 856"
"Id:44, Valor: 975, Peso: 535"
"Id:43, Valor: 1755, Peso: 963"
"Id:39, Valor: 87, Peso: 164"
"Id:37, Valor: 87, Peso: 164"
"Id:33, Valor: 1560, Peso: 856"
"Id:31, Valor: 585, Peso: 321"
"Id:30, Valor: 1755, Peso: 963"
"Id:27, Valor: 780, Peso: 428"
"Id:23, Valor: 975, Peso: 535"
"Id:21, Valor: 195, Peso: 107"
"Id:20, Valor: 585, Peso: 321"
"Id:18, Valor: 1755, Peso: 963"
"Id:16, Valor: 1365, Peso: 749"
"Id:12, Valor: 1170, Peso: 642"
"Id:11, Valor: 1365, Peso: 749"
"Id:10, Valor: 585, Peso: 321"
"Id:5, Valor: 780, Peso: 428"
"Id:3, Valor: 780, Peso: 428"
"Id:2, Valor: 390, Peso: 214"
"Id:1, Valor: 975, Peso: 535"
El valor optimo conseguido por Pisinger es 38385 y el tiempo 0.0 mientras que los valores conseguidos por el algoritmo fueron 22884 y el tiempo 0.144695043564
-------
"Listado numero 100, peso maximo: 34347"
"Id:48, Valor: 1024, Peso: 488"
"Id:45, Valor: 896, Peso: 427"
"Id:44, Valor: 228, Peso: 712"
"Id:42, Valor: 768, Peso: 366"
"Id:41, Valor: 896, Peso: 427"
"Id:40, Valor: 384, Peso: 183"
"Id:38, Valor: 1280, Peso: 610"
"Id:37, Valor: 171, Peso: 534"
"Id:36, Valor: 768, Peso: 366"
"Id:34, Valor: 512, Peso: 244"
"Id:33, Valor: 1280, Peso: 610"
"Id:30, Valor: 512, Peso: 244"
"Id:29, Valor: 896, Peso: 427"
"Id:28, Valor: 256, Peso: 122"
"Id:27, Valor: 384, Peso: 183"
"Id:24, Valor: 256, Peso: 122"
"Id:23, Valor: 1024, Peso: 488"
"Id:21, Valor: 57, Peso: 178"
"Id:20, Valor: 1152, Peso: 549"
"Id:15, Valor: 896, Peso: 427"
"Id:14, Valor: 384, Peso: 183"
"Id:11, Valor: 57, Peso: 178"
"Id:10, Valor: 1152, Peso: 549"
"Id:8, Valor: 256, Peso: 122"
"Id:5, Valor: 640, Peso: 305"
"Id:2, Valor: 768, Peso: 366"
El valor optimo conseguido por Pisinger es 25204 y el tiempo 0.0 mientras que los valores conseguidos por el algoritmo fueron 16897 y el tiempo 0.142314910889
-------
